strategy_id,family,params_hash,sessions,trades,blocks,net_pnl,max_dd,fees,slippage,turnover,score_pnl,score_safety,cost_stress_pnl,min_leave_one_session_pnl,leave_one_token_out_pnl,threshold_minus_10_pnl,threshold_plus_10_pnl,profit_concentration,overfit_status
GapFade_perp_gap_entry0_35_exit0_tp2_sl1_25_h9999_n0_65_m2,GapFade,41014f4689f5f1d0,5,8,87,68.708829,11.276728,10.002094,5.001047,10002.093654,64.889438,43.329326,66.70841,23.166415,69.417871,62.712018,59.963665,0.662832,pass
GapFade_perp_gap_entry0_35_exit0_tp2_sl1_25_h9999_n0_65_m5,GapFade,f3385d329a8f68aa,5,8,87,68.708829,11.276728,10.002094,5.001047,10002.093654,64.889438,43.329326,66.70841,23.166415,69.417871,62.712018,59.963665,0.662832,pass
GapFade_perp_gap_entry0_35_exit0_tp2_sl1_25_h9999_n0_65_m8,GapFade,88f22b53fb52aee1,5,8,87,68.708829,11.276728,10.002094,5.001047,10002.093654,64.889438,43.329326,66.70841,23.166415,69.417871,62.712018,59.963665,0.662832,pass
GapFade_perp_gap_entry0_35_exit0_tp2_sl2_5_h9999_n0_65_m2,GapFade,77ba32837aad04a3,5,8,87,68.708829,11.276728,10.002094,5.001047,10002.093654,64.889438,43.329326,66.70841,23.166415,69.417871,62.712018,59.963665,0.662832,pass
GapFade_perp_gap_entry0_35_exit0_tp2_sl2_5_h9999_n0_65_m5,GapFade,fff7792b71b1fe80,5,8,87,68.708829,11.276728,10.002094,5.001047,10002.093654,64.889438,43.329326,66.70841,23.166415,69.417871,62.712018,59.963665,0.662832,pass
GapFade_perp_gap_entry0_35_exit0_tp2_sl2_5_h9999_n0_65_m8,GapFade,0e7c8a6cd3a8f89f,5,8,87,68.708829,11.276728,10.002094,5.001047,10002.093654,64.889438,43.329326,66.70841,23.166415,69.417871,62.712018,59.963665,0.662832,pass
GapFade_perp_gap_entry0_5_exit0_05_tp1_25_sl1_25_h9999_n0_65_m2,GapFade,927a6f20fbf3bdcd,5,10,85,57.207778,6.473954,13.267157,6.633579,13267.157332,54.262574,39.751292,54.554347,20.024753,58.506924,51.967798,49.679487,0.649965,pass
GapFade_perp_gap_entry0_5_exit0_05_tp1_25_sl1_25_h9999_n0_65_m5,GapFade,6078ddf890ee6a56,5,10,85,57.207778,6.473954,13.267157,6.633579,13267.157332,54.262574,39.751292,54.554347,20.024753,58.506924,51.967798,49.679487,0.649965,pass
GapFade_perp_gap_entry0_5_exit0_05_tp1_25_sl1_25_h9999_n0_65_m8,GapFade,9d2a2b9dca3f4d2a,5,10,85,57.207778,6.473954,13.267157,6.633579,13267.157332,54.262574,39.751292,54.554347,20.024753,58.506924,51.967798,49.679487,0.649965,pass
GapFade_perp_gap_entry0_5_exit0_05_tp1_25_sl2_5_h9999_n0_65_m2,GapFade,eae1082826b155e4,5,10,85,57.207778,6.473954,13.267157,6.633579,13267.157332,54.262574,39.751292,54.554347,20.024753,58.506924,51.967798,49.679487,0.649965,pass
GapFade_perp_gap_entry0_5_exit0_05_tp1_25_sl2_5_h9999_n0_65_m5,GapFade,c7ae4ac55d74827c,5,10,85,57.207778,6.473954,13.267157,6.633579,13267.157332,54.262574,39.751292,54.554347,20.024753,58.506924,51.967798,49.679487,0.649965,pass
GapFade_perp_gap_entry0_5_exit0_05_tp1_25_sl2_5_h9999_n0_65_m8,GapFade,e081cc351ae8de2d,5,10,85,57.207778,6.473954,13.267157,6.633579,13267.157332,54.262574,39.751292,54.554347,20.024753,58.506924,51.967798,49.679487,0.649965,pass
GapFade_perp_gap_entry0_5_exit0_1_tp1_25_sl1_25_h9999_n0_65_m2,GapFade,5dd0f55662f4987e,5,10,85,57.026139,6.473954,13.266975,6.633488,13266.975511,54.080953,39.569743,54.372744,20.024753,58.325285,51.800699,49.519654,0.64885,pass
GapFade_perp_gap_entry0_5_exit0_1_tp1_25_sl1_25_h9999_n0_65_m5,GapFade,826d044dc6045eea,5,10,85,57.026139,6.473954,13.266975,6.633488,13266.975511,54.080953,39.569743,54.372744,20.024753,58.325285,51.800699,49.519654,0.64885,pass
GapFade_perp_gap_entry0_5_exit0_1_tp1_25_sl1_25_h9999_n0_65_m8,GapFade,98b245d2e768139a,5,10,85,57.026139,6.473954,13.266975,6.633488,13266.975511,54.080953,39.569743,54.372744,20.024753,58.325285,51.800699,49.519654,0.64885,pass
GapFade_perp_gap_entry0_5_exit0_1_tp1_25_sl2_5_h9999_n0_65_m2,GapFade,b5344ecb35fa69c4,5,10,85,57.026139,6.473954,13.266975,6.633488,13266.975511,54.080953,39.569743,54.372744,20.024753,58.325285,51.800699,49.519654,0.64885,pass
GapFade_perp_gap_entry0_5_exit0_1_tp1_25_sl2_5_h9999_n0_65_m5,GapFade,4e969a6b33af2b44,5,10,85,57.026139,6.473954,13.266975,6.633488,13266.975511,54.080953,39.569743,54.372744,20.024753,58.325285,51.800699,49.519654,0.64885,pass
GapFade_perp_gap_entry0_5_exit0_1_tp1_25_sl2_5_h9999_n0_65_m8,GapFade,f2dc1e92674d64d4,5,10,85,57.026139,6.473954,13.266975,6.633488,13266.975511,54.080953,39.569743,54.372744,20.024753,58.325285,51.800699,49.519654,0.64885,pass
GapFade_perp_gap_entry0_5_exit0_tp1_25_sl1_25_h9999_n0_65_m2,GapFade,b3db7e8d6fcf0016,5,10,85,56.892763,6.473954,13.269342,6.634671,13269.34162,53.94734,39.435184,54.238895,20.159294,58.191397,51.677875,49.402164,0.645662,pass
GapFade_perp_gap_entry0_5_exit0_tp1_25_sl1_25_h9999_n0_65_m5,GapFade,bd09caee92bec03c,5,10,85,56.892763,6.473954,13.269342,6.634671,13269.34162,53.94734,39.435184,54.238895,20.159294,58.191397,51.677875,49.402164,0.645662,pass
GapFade_perp_gap_entry0_5_exit0_tp1_25_sl1_25_h9999_n0_65_m8,GapFade,d7e59b4239a771d5,5,10,85,56.892763,6.473954,13.269342,6.634671,13269.34162,53.94734,39.435184,54.238895,20.159294,58.191397,51.677875,49.402164,0.645662,pass
GapFade_perp_gap_entry0_5_exit0_tp1_25_sl2_5_h9999_n0_65_m2,GapFade,611e0dda72ad4eec,5,10,85,56.892763,6.473954,13.269342,6.634671,13269.34162,53.94734,39.435184,54.238895,20.159294,58.191397,51.677875,49.402164,0.645662,pass
GapFade_perp_gap_entry0_5_exit0_tp1_25_sl2_5_h9999_n0_65_m5,GapFade,55937424c45e6b86,5,10,85,56.892763,6.473954,13.269342,6.634671,13269.34162,53.94734,39.435184,54.238895,20.159294,58.191397,51.677875,49.402164,0.645662,pass
GapFade_perp_gap_entry0_5_exit0_tp1_25_sl2_5_h9999_n0_65_m8,GapFade,e380fd21b56a9668,5,10,85,56.892763,6.473954,13.269342,6.634671,13269.34162,53.94734,39.435184,54.238895,20.159294,58.191397,51.677875,49.402164,0.645662,pass
GapFade_perp_gap_entry0_35_exit0_tp2_sl0_75_h9999_n0_65_m2,GapFade,c44140dda5767d01,5,9,86,67.368829,12.626243,11.35194,5.67597,11351.93942,63.077074,38.590373,65.098441,23.166415,68.077871,61.411726,58.716973,0.656126,pass
GapFade_perp_gap_entry0_35_exit0_tp2_sl0_75_h9999_n0_65_m5,GapFade,82826caff22b89cf,5,9,86,67.368829,12.626243,11.35194,5.67597,11351.93942,63.077074,38.590373,65.098441,23.166415,68.077871,61.411726,58.716973,0.656126,pass
GapFade_perp_gap_entry0_35_exit0_tp2_sl0_75_h9999_n0_65_m8,GapFade,c5e243ba62ba4456,5,9,86,67.368829,12.626243,11.35194,5.67597,11351.93942,63.077074,38.590373,65.098441,23.166415,68.077871,61.411726,58.716973,0.656126,pass
GapFade_perp_gap_entry0_5_exit0_tp2_sl0_75_h30_n0_65_m2,GapFade,9848223d3f0f967e,5,11,84,50.662317,4.460179,14.585076,7.292538,14585.075499,48.088765,36.549421,47.745302,22.690451,51.960951,45.880078,43.853585,0.552124,pass
GapFade_perp_gap_entry0_5_exit0_tp2_sl0_75_h30_n0_65_m5,GapFade,20938786e185ba83,5,11,84,50.662317,4.460179,14.585076,7.292538,14585.075499,48.088765,36.549421,47.745302,22.690451,51.960951,45.880078,43.853585,0.552124,pass
GapFade_perp_gap_entry0_5_exit0_tp2_sl0_75_h30_n0_65_m8,GapFade,b2283084d9c89042,5,11,84,50.662317,4.460179,14.585076,7.292538,14585.075499,48.088765,36.549421,47.745302,22.690451,51.960951,45.880078,43.853585,0.552124,pass
GapFade_perp_gap_entry0_5_exit0_tp2_sl1_25_h30_n0_65_m2,GapFade,7754c68605752a60,5,11,84,50.662317,4.460179,14.585076,7.292538,14585.075499,48.088765,36.549421,47.745302,22.690451,51.960951,45.880078,43.853585,0.552124,pass
GapFade_perp_gap_entry0_5_exit0_tp2_sl1_25_h30_n0_65_m5,GapFade,c6958c396d1b030e,5,11,84,50.662317,4.460179,14.585076,7.292538,14585.075499,48.088765,36.549421,47.745302,22.690451,51.960951,45.880078,43.853585,0.552124,pass
GapFade_perp_gap_entry0_5_exit0_tp2_sl1_25_h30_n0_65_m8,GapFade,1b5bcd360fc6e7e6,5,11,84,50.662317,4.460179,14.585076,7.292538,14585.075499,48.088765,36.549421,47.745302,22.690451,51.960951,45.880078,43.853585,0.552124,pass
GapFade_perp_gap_entry0_5_exit0_tp2_sl2_5_h30_n0_65_m2,GapFade,de09f37104622b26,5,11,84,50.662317,4.460179,14.585076,7.292538,14585.075499,48.088765,36.549421,47.745302,22.690451,51.960951,45.880078,43.853585,0.552124,pass
GapFade_perp_gap_entry0_5_exit0_tp2_sl2_5_h30_n0_65_m5,GapFade,1ebaff79141d9f26,5,11,84,50.662317,4.460179,14.585076,7.292538,14585.075499,48.088765,36.549421,47.745302,22.690451,51.960951,45.880078,43.853585,0.552124,pass
GapFade_perp_gap_entry0_5_exit0_tp2_sl2_5_h30_n0_65_m8,GapFade,8f89ca127a80ec6d,5,11,84,50.662317,4.460179,14.585076,7.292538,14585.075499,48.088765,36.549421,47.745302,22.690451,51.960951,45.880078,43.853585,0.552124,pass
GapFade_perp_gap_entry0_5_exit0_05_tp2_sl0_75_h30_n0_65_m2,GapFade,82e7fb710233f339,5,11,84,50.524523,4.460179,14.582429,7.291215,14582.429518,47.951235,36.412951,47.608037,23.20222,51.823669,45.75344,43.732459,0.540773,pass
GapFade_perp_gap_entry0_5_exit0_05_tp2_sl0_75_h30_n0_65_m5,GapFade,bc9b178753dbe191,5,11,84,50.524523,4.460179,14.582429,7.291215,14582.429518,47.951235,36.412951,47.608037,23.20222,51.823669,45.75344,43.732459,0.540773,pass
GapFade_perp_gap_entry0_5_exit0_05_tp2_sl0_75_h30_n0_65_m8,GapFade,c91b95ff6103a08c,5,11,84,50.524523,4.460179,14.582429,7.291215,14582.429518,47.951235,36.412951,47.608037,23.20222,51.823669,45.75344,43.732459,0.540773,pass
GapFade_perp_gap_entry0_5_exit0_05_tp2_sl1_25_h30_n0_65_m2,GapFade,72e240fe4aafff8e,5,11,84,50.524523,4.460179,14.582429,7.291215,14582.429518,47.951235,36.412951,47.608037,23.20222,51.823669,45.75344,43.732459,0.540773,pass
GapFade_perp_gap_entry0_5_exit0_05_tp2_sl1_25_h30_n0_65_m5,GapFade,e1b056cd3e82fdb9,5,11,84,50.524523,4.460179,14.582429,7.291215,14582.429518,47.951235,36.412951,47.608037,23.20222,51.823669,45.75344,43.732459,0.540773,pass
GapFade_perp_gap_entry0_5_exit0_05_tp2_sl1_25_h30_n0_65_m8,GapFade,892630e8fa7d707a,5,11,84,50.524523,4.460179,14.582429,7.291215,14582.429518,47.951235,36.412951,47.608037,23.20222,51.823669,45.75344,43.732459,0.540773,pass
GapFade_perp_gap_entry0_5_exit0_05_tp2_sl2_5_h30_n0_65_m2,GapFade,b2fd7ca70853cc33,5,11,84,50.524523,4.460179,14.582429,7.291215,14582.429518,47.951235,36.412951,47.608037,23.20222,51.823669,45.75344,43.732459,0.540773,pass
GapFade_perp_gap_entry0_5_exit0_05_tp2_sl2_5_h30_n0_65_m5,GapFade,e841ffa624d4a8e0,5,11,84,50.524523,4.460179,14.582429,7.291215,14582.429518,47.951235,36.412951,47.608037,23.20222,51.823669,45.75344,43.732459,0.540773,pass
GapFade_perp_gap_entry0_5_exit0_05_tp2_sl2_5_h30_n0_65_m8,GapFade,38061d14194a274e,5,11,84,50.524523,4.460179,14.582429,7.291215,14582.429518,47.951235,36.412951,47.608037,23.20222,51.823669,45.75344,43.732459,0.540773,pass
GapFade_perp_gap_entry0_5_exit0_05_tp2_sl1_25_h9999_n0_65_m2,GapFade,284ef7c75b12986e,5,9,86,58.268,9.284193,11.928319,5.96416,11928.3199,54.75412,35.885455,55.882336,25.169354,59.567146,53.010144,50.679424,0.568042,pass
GapFade_perp_gap_entry0_5_exit0_05_tp2_sl1_25_h9999_n0_65_m5,GapFade,badd315e461e4cc4,5,9,86,58.268,9.284193,11.928319,5.96416,11928.3199,54.75412,35.885455,55.882336,25.169354,59.567146,53.010144,50.679424,0.568042,pass
GapFade_perp_gap_entry0_5_exit0_05_tp2_sl1_25_h9999_n0_65_m8,GapFade,fd89e8d8f08e2229,5,9,86,58.268,9.284193,11.928319,5.96416,11928.3199,54.75412,35.885455,55.882336,25.169354,59.567146,53.010144,50.679424,0.568042,pass
GapFade_perp_gap_entry0_5_exit0_05_tp2_sl2_5_h9999_n0_65_m2,GapFade,af844f0446740dc2,5,9,86,58.268,9.284193,11.928319,5.96416,11928.3199,54.75412,35.885455,55.882336,25.169354,59.567146,53.010144,50.679424,0.568042,pass
GapFade_perp_gap_entry0_5_exit0_05_tp2_sl2_5_h9999_n0_65_m5,GapFade,08b74ec28ae21bed,5,9,86,58.268,9.284193,11.928319,5.96416,11928.3199,54.75412,35.885455,55.882336,25.169354,59.567146,53.010144,50.679424,0.568042,pass
GapFade_perp_gap_entry0_5_exit0_05_tp2_sl2_5_h9999_n0_65_m8,GapFade,98cb43b9761d128b,5,9,86,58.268,9.284193,11.928319,5.96416,11928.3199,54.75412,35.885455,55.882336,25.169354,59.567146,53.010144,50.679424,0.568042,pass
GapFade_perp_gap_entry0_5_exit0_tp2_sl1_25_h9999_n0_65_m2,GapFade,1d97724cdd7b01dc,5,9,86,57.803741,9.436365,11.929964,5.964982,11929.96388,54.251653,35.116029,55.417748,25.307148,59.102375,52.582944,50.270794,0.562188,pass
GapFade_perp_gap_entry0_5_exit0_tp2_sl1_25_h9999_n0_65_m5,GapFade,cf23e64df1fffb1f,5,9,86,57.803741,9.436365,11.929964,5.964982,11929.96388,54.251653,35.116029,55.417748,25.307148,59.102375,52.582944,50.270794,0.562188,pass
GapFade_perp_gap_entry0_5_exit0_tp2_sl1_25_h9999_n0_65_m8,GapFade,6bd4ea159b45a5c2,5,9,86,57.803741,9.436365,11.929964,5.964982,11929.96388,54.251653,35.116029,55.417748,25.307148,59.102375,52.582944,50.270794,0.562188,pass
GapFade_perp_gap_entry0_5_exit0_tp2_sl2_5_h9999_n0_65_m2,GapFade,f9cd9e6d377f175d,5,9,86,57.803741,9.436365,11.929964,5.964982,11929.96388,54.251653,35.116029,55.417748,25.307148,59.102375,52.582944,50.270794,0.562188,pass
GapFade_perp_gap_entry0_5_exit0_tp2_sl2_5_h9999_n0_65_m5,GapFade,8a1a43e637017cbd,5,9,86,57.803741,9.436365,11.929964,5.964982,11929.96388,54.251653,35.116029,55.417748,25.307148,59.102375,52.582944,50.270794,0.562188,pass
GapFade_perp_gap_entry0_5_exit0_tp2_sl2_5_h9999_n0_65_m8,GapFade,447bc51034e312fa,5,9,86,57.803741,9.436365,11.929964,5.964982,11929.96388,54.251653,35.116029,55.417748,25.307148,59.102375,52.582944,50.270794,0.562188,pass
GapFade_perp_gap_entry0_5_exit0_1_tp2_sl0_75_h30_n0_65_m2,GapFade,48305a177a0037d6,5,11,84,46.297213,3.631423,14.569639,7.28482,14569.639177,43.932393,33.849547,43.383285,20.024753,47.596359,41.864954,40.013065,0.567474,pass
GapFade_perp_gap_entry0_5_exit0_1_tp2_sl0_75_h30_n0_65_m5,GapFade,32dfde04493d599d,5,11,84,46.297213,3.631423,14.569639,7.28482,14569.639177,43.932393,33.849547,43.383285,20.024753,47.596359,41.864954,40.013065,0.567474,pass
GapFade_perp_gap_entry0_5_exit0_1_tp2_sl0_75_h30_n0_65_m8,GapFade,9702308d5c83caf3,5,11,84,46.297213,3.631423,14.569639,7.28482,14569.639177,43.932393,33.849547,43.383285,20.024753,47.596359,41.864954,40.013065,0.567474,pass
GapFade_perp_gap_entry0_5_exit0_1_tp2_sl1_25_h30_n0_65_m2,GapFade,8939fc8719ef5e18,5,11,84,46.297213,3.631423,14.569639,7.28482,14569.639177,43.932393,33.849547,43.383285,20.024753,47.596359,41.864954,40.013065,0.567474,pass
GapFade_perp_gap_entry0_5_exit0_1_tp2_sl1_25_h30_n0_65_m5,GapFade,f570d265bfb53a14,5,11,84,46.297213,3.631423,14.569639,7.28482,14569.639177,43.932393,33.849547,43.383285,20.024753,47.596359,41.864954,40.013065,0.567474,pass
GapFade_perp_gap_entry0_5_exit0_1_tp2_sl1_25_h30_n0_65_m8,GapFade,32648813cf555024,5,11,84,46.297213,3.631423,14.569639,7.28482,14569.639177,43.932393,33.849547,43.383285,20.024753,47.596359,41.864954,40.013065,0.567474,pass
GapFade_perp_gap_entry0_5_exit0_1_tp2_sl2_5_h30_n0_65_m2,GapFade,5ba757350623371c,5,11,84,46.297213,3.631423,14.569639,7.28482,14569.639177,43.932393,33.849547,43.383285,20.024753,47.596359,41.864954,40.013065,0.567474,pass
GapFade_perp_gap_entry0_5_exit0_1_tp2_sl2_5_h30_n0_65_m5,GapFade,8b1823f4ce5cd769,5,11,84,46.297213,3.631423,14.569639,7.28482,14569.639177,43.932393,33.849547,43.383285,20.024753,47.596359,41.864954,40.013065,0.567474,pass
GapFade_perp_gap_entry0_5_exit0_1_tp2_sl2_5_h30_n0_65_m8,GapFade,16e55011e1ef10b2,5,11,84,46.297213,3.631423,14.569639,7.28482,14569.639177,43.932393,33.849547,43.383285,20.024753,47.596359,41.864954,40.013065,0.567474,pass
GapFade_perp_gap_entry0_5_exit0_tp1_25_sl0_75_h30_n0_65_m2,GapFade,a79b8fc70c3857aa,5,11,84,45.514463,3.628178,14.566583,7.283292,14566.582518,43.15076,33.074815,42.601146,20.159294,46.813097,41.144977,39.324398,0.557079,pass
GapFade_perp_gap_entry0_5_exit0_tp1_25_sl0_75_h30_n0_65_m5,GapFade,3c3ed0f7b263ee32,5,11,84,45.514463,3.628178,14.566583,7.283292,14566.582518,43.15076,33.074815,42.601146,20.159294,46.813097,41.144977,39.324398,0.557079,pass
GapFade_perp_gap_entry0_5_exit0_tp1_25_sl0_75_h30_n0_65_m8,GapFade,5e3b9347721ce2bb,5,11,84,45.514463,3.628178,14.566583,7.283292,14566.582518,43.15076,33.074815,42.601146,20.159294,46.813097,41.144977,39.324398,0.557079,pass
GapFade_perp_gap_entry0_5_exit0_tp1_25_sl1_25_h30_n0_65_m2,GapFade,3fbb547242e571e3,5,11,84,45.514463,3.628178,14.566583,7.283292,14566.582518,43.15076,33.074815,42.601146,20.159294,46.813097,41.144977,39.324398,0.557079,pass
GapFade_perp_gap_entry0_5_exit0_tp1_25_sl1_25_h30_n0_65_m5,GapFade,9a3cc9b4bbe0b8e6,5,11,84,45.514463,3.628178,14.566583,7.283292,14566.582518,43.15076,33.074815,42.601146,20.159294,46.813097,41.144977,39.324398,0.557079,pass
GapFade_perp_gap_entry0_5_exit0_tp1_25_sl1_25_h30_n0_65_m8,GapFade,fbb56e9fc7784175,5,11,84,45.514463,3.628178,14.566583,7.283292,14566.582518,43.15076,33.074815,42.601146,20.159294,46.813097,41.144977,39.324398,0.557079,pass
GapFade_perp_gap_entry0_5_exit0_tp1_25_sl2_5_h30_n0_65_m2,GapFade,e4c322fee5d7ff73,5,11,84,45.514463,3.628178,14.566583,7.283292,14566.582518,43.15076,33.074815,42.601146,20.159294,46.813097,41.144977,39.324398,0.557079,pass
GapFade_perp_gap_entry0_5_exit0_tp1_25_sl2_5_h30_n0_65_m5,GapFade,4e815e29fe32505d,5,11,84,45.514463,3.628178,14.566583,7.283292,14566.582518,43.15076,33.074815,42.601146,20.159294,46.813097,41.144977,39.324398,0.557079,pass
GapFade_perp_gap_entry0_5_exit0_tp1_25_sl2_5_h30_n0_65_m8,GapFade,83e0e9ab75824efa,5,11,84,45.514463,3.628178,14.566583,7.283292,14566.582518,43.15076,33.074815,42.601146,20.159294,46.813097,41.144977,39.324398,0.557079,pass
GapFade_perp_gap_entry0_5_exit0_05_tp1_25_sl0_75_h30_n0_65_m2,GapFade,f59e53c6de563959,5,11,84,45.379922,3.628178,14.563948,7.281974,14563.948224,43.016483,32.941592,42.467132,20.024753,46.679068,41.021331,39.206134,0.558731,pass
GapFade_perp_gap_entry0_5_exit0_05_tp1_25_sl0_75_h30_n0_65_m5,GapFade,a40329e58d7ce176,5,11,84,45.379922,3.628178,14.563948,7.281974,14563.948224,43.016483,32.941592,42.467132,20.024753,46.679068,41.021331,39.206134,0.558731,pass
GapFade_perp_gap_entry0_5_exit0_05_tp1_25_sl0_75_h30_n0_65_m8,GapFade,e9110a6218d301d9,5,11,84,45.379922,3.628178,14.563948,7.281974,14563.948224,43.016483,32.941592,42.467132,20.024753,46.679068,41.021331,39.206134,0.558731,pass
GapFade_perp_gap_entry0_5_exit0_05_tp1_25_sl1_25_h30_n0_65_m2,GapFade,b44205946a7a306b,5,11,84,45.379922,3.628178,14.563948,7.281974,14563.948224,43.016483,32.941592,42.467132,20.024753,46.679068,41.021331,39.206134,0.558731,pass
GapFade_perp_gap_entry0_5_exit0_05_tp1_25_sl1_25_h30_n0_65_m5,GapFade,0690f0354e770a39,5,11,84,45.379922,3.628178,14.563948,7.281974,14563.948224,43.016483,32.941592,42.467132,20.024753,46.679068,41.021331,39.206134,0.558731,pass
GapFade_perp_gap_entry0_5_exit0_05_tp1_25_sl1_25_h30_n0_65_m8,GapFade,2c618b9620d3f5da,5,11,84,45.379922,3.628178,14.563948,7.281974,14563.948224,43.016483,32.941592,42.467132,20.024753,46.679068,41.021331,39.206134,0.558731,pass
GapFade_perp_gap_entry0_5_exit0_05_tp1_25_sl2_5_h30_n0_65_m2,GapFade,6fd09b87d7c0fa2a,5,11,84,45.379922,3.628178,14.563948,7.281974,14563.948224,43.016483,32.941592,42.467132,20.024753,46.679068,41.021331,39.206134,0.558731,pass
GapFade_perp_gap_entry0_5_exit0_05_tp1_25_sl2_5_h30_n0_65_m5,GapFade,aa2bbdc4b064dda0,5,11,84,45.379922,3.628178,14.563948,7.281974,14563.948224,43.016483,32.941592,42.467132,20.024753,46.679068,41.021331,39.206134,0.558731,pass
GapFade_perp_gap_entry0_5_exit0_05_tp1_25_sl2_5_h30_n0_65_m8,GapFade,38a6130467f869bc,5,11,84,45.379922,3.628178,14.563948,7.281974,14563.948224,43.016483,32.941592,42.467132,20.024753,46.679068,41.021331,39.206134,0.558731,pass
GapFade_perp_gap_entry0_5_exit0_1_tp1_25_sl0_75_h30_n0_65_m2,GapFade,9a158b638fce69fc,5,11,84,45.379922,3.628178,14.563948,7.281974,14563.948224,43.016483,32.941592,42.467132,20.024753,46.679068,41.021331,39.206134,0.558731,pass
GapFade_perp_gap_entry0_5_exit0_1_tp1_25_sl0_75_h30_n0_65_m5,GapFade,ea7c71089a28794f,5,11,84,45.379922,3.628178,14.563948,7.281974,14563.948224,43.016483,32.941592,42.467132,20.024753,46.679068,41.021331,39.206134,0.558731,pass
GapFade_perp_gap_entry0_5_exit0_1_tp1_25_sl0_75_h30_n0_65_m8,GapFade,e2494903128b8b6c,5,11,84,45.379922,3.628178,14.563948,7.281974,14563.948224,43.016483,32.941592,42.467132,20.024753,46.679068,41.021331,39.206134,0.558731,pass
GapFade_perp_gap_entry0_5_exit0_1_tp1_25_sl1_25_h30_n0_65_m2,GapFade,056403f99c3f33e8,5,11,84,45.379922,3.628178,14.563948,7.281974,14563.948224,43.016483,32.941592,42.467132,20.024753,46.679068,41.021331,39.206134,0.558731,pass
GapFade_perp_gap_entry0_5_exit0_1_tp1_25_sl1_25_h30_n0_65_m5,GapFade,62d6639cb164a4f9,5,11,84,45.379922,3.628178,14.563948,7.281974,14563.948224,43.016483,32.941592,42.467132,20.024753,46.679068,41.021331,39.206134,0.558731,pass
GapFade_perp_gap_entry0_5_exit0_1_tp1_25_sl1_25_h30_n0_65_m8,GapFade,4841cafc5686fccd,5,11,84,45.379922,3.628178,14.563948,7.281974,14563.948224,43.016483,32.941592,42.467132,20.024753,46.679068,41.021331,39.206134,0.558731,pass
GapFade_perp_gap_entry0_5_exit0_1_tp1_25_sl2_5_h30_n0_65_m2,GapFade,ca7a18ce27e862f2,5,11,84,45.379922,3.628178,14.563948,7.281974,14563.948224,43.016483,32.941592,42.467132,20.024753,46.679068,41.021331,39.206134,0.558731,pass
GapFade_perp_gap_entry0_5_exit0_1_tp1_25_sl2_5_h30_n0_65_m5,GapFade,36bad815a29bef4c,5,11,84,45.379922,3.628178,14.563948,7.281974,14563.948224,43.016483,32.941592,42.467132,20.024753,46.679068,41.021331,39.206134,0.558731,pass
GapFade_perp_gap_entry0_5_exit0_1_tp1_25_sl2_5_h30_n0_65_m8,GapFade,e07e046443ac74ba,5,11,84,45.379922,3.628178,14.563948,7.281974,14563.948224,43.016483,32.941592,42.467132,20.024753,46.679068,41.021331,39.206134,0.558731,pass
GapFade_perp_gap_entry0_5_exit0_05_tp0_75_sl1_25_h9999_n0_65_m2,GapFade,cd385999437918ae,5,10,85,49.862444,6.473954,13.245341,6.62267,13245.34134,46.919421,32.416866,47.213376,16.474501,51.16159,45.211181,43.216684,0.669601,pass
GapFade_perp_gap_entry0_5_exit0_05_tp0_75_sl1_25_h9999_n0_65_m5,GapFade,93027dba8234712a,5,10,85,49.862444,6.473954,13.245341,6.62267,13245.34134,46.919421,32.416866,47.213376,16.474501,51.16159,45.211181,43.216684,0.669601,pass
GapFade_perp_gap_entry0_5_exit0_05_tp0_75_sl1_25_h9999_n0_65_m8,GapFade,32d37c456a661b59,5,10,85,49.862444,6.473954,13.245341,6.62267,13245.34134,46.919421,32.416866,47.213376,16.474501,51.16159,45.211181,43.216684,0.669601,pass
GapFade_perp_gap_entry0_5_exit0_05_tp0_75_sl2_5_h9999_n0_65_m2,GapFade,2236b37162b932af,5,10,85,49.862444,6.473954,13.245341,6.62267,13245.34134,46.919421,32.416866,47.213376,16.474501,51.16159,45.211181,43.216684,0.669601,pass
GapFade_perp_gap_entry0_5_exit0_05_tp0_75_sl2_5_h9999_n0_65_m5,GapFade,d2985077f46b1709,5,10,85,49.862444,6.473954,13.245341,6.62267,13245.34134,46.919421,32.416866,47.213376,16.474501,51.16159,45.211181,43.216684,0.669601,pass
GapFade_perp_gap_entry0_5_exit0_05_tp0_75_sl2_5_h9999_n0_65_m8,GapFade,0c6fd8fc20457be2,5,10,85,49.862444,6.473954,13.245341,6.62267,13245.34134,46.919421,32.416866,47.213376,16.474501,51.16159,45.211181,43.216684,0.669601,pass
GapFade_perp_gap_entry0_5_exit0_1_tp0_75_sl1_25_h9999_n0_65_m2,GapFade,2f327dbfbaeaec40,5,10,85,49.68147,6.473954,13.24516,6.62258,13245.160185,46.738465,32.235982,47.032438,16.474501,50.980616,45.044694,43.057436,0.668397,pass
GapFade_perp_gap_entry0_5_exit0_1_tp0_75_sl1_25_h9999_n0_65_m5,GapFade,ad0bf5d2b6db5195,5,10,85,49.68147,6.473954,13.24516,6.62258,13245.160185,46.738465,32.235982,47.032438,16.474501,50.980616,45.044694,43.057436,0.668397,pass
GapFade_perp_gap_entry0_5_exit0_1_tp0_75_sl1_25_h9999_n0_65_m8,GapFade,34a58ec8a726b130,5,10,85,49.68147,6.473954,13.24516,6.62258,13245.160185,46.738465,32.235982,47.032438,16.474501,50.980616,45.044694,43.057436,0.668397,pass
GapFade_perp_gap_entry0_5_exit0_1_tp0_75_sl2_5_h9999_n0_65_m2,GapFade,6f7a8c594c96fe52,5,10,85,49.68147,6.473954,13.24516,6.62258,13245.160185,46.738465,32.235982,47.032438,16.474501,50.980616,45.044694,43.057436,0.668397,pass
GapFade_perp_gap_entry0_5_exit0_1_tp0_75_sl2_5_h9999_n0_65_m5,GapFade,1b4be7ef6a108f2a,5,10,85,49.68147,6.473954,13.24516,6.62258,13245.160185,46.738465,32.235982,47.032438,16.474501,50.980616,45.044694,43.057436,0.668397,pass
GapFade_perp_gap_entry0_5_exit0_1_tp0_75_sl2_5_h9999_n0_65_m8,GapFade,764c0612cb46e7ab,5,10,85,49.68147,6.473954,13.24516,6.62258,13245.160185,46.738465,32.235982,47.032438,16.474501,50.980616,45.044694,43.057436,0.668397,pass
GapFade_perp_gap_entry0_5_exit0_tp0_75_sl1_25_h9999_n0_65_m2,GapFade,afe0e93e0e12fb50,5,10,85,49.546829,6.473954,13.247522,6.623761,13247.522108,46.603588,32.10016,46.897325,16.606797,50.845463,44.920707,42.938833,0.664826,pass
GapFade_perp_gap_entry0_5_exit0_tp0_75_sl1_25_h9999_n0_65_m5,GapFade,94e53e68a97d7685,5,10,85,49.546829,6.473954,13.247522,6.623761,13247.522108,46.603588,32.10016,46.897325,16.606797,50.845463,44.920707,42.938833,0.664826,pass
GapFade_perp_gap_entry0_5_exit0_tp0_75_sl1_25_h9999_n0_65_m8,GapFade,3a01a57f78e2ca37,5,10,85,49.546829,6.473954,13.247522,6.623761,13247.522108,46.603588,32.10016,46.897325,16.606797,50.845463,44.920707,42.938833,0.664826,pass
GapFade_perp_gap_entry0_5_exit0_tp0_75_sl2_5_h9999_n0_65_m2,GapFade,997523b4504a3b3a,5,10,85,49.546829,6.473954,13.247522,6.623761,13247.522108,46.603588,32.10016,46.897325,16.606797,50.845463,44.920707,42.938833,0.664826,pass
GapFade_perp_gap_entry0_5_exit0_tp0_75_sl2_5_h9999_n0_65_m5,GapFade,77a275e6ed3c65ef,5,10,85,49.546829,6.473954,13.247522,6.623761,13247.522108,46.603588,32.10016,46.897325,16.606797,50.845463,44.920707,42.938833,0.664826,pass
GapFade_perp_gap_entry0_5_exit0_tp0_75_sl2_5_h9999_n0_65_m8,GapFade,0034a67121b1e6a6,5,10,85,49.546829,6.473954,13.247522,6.623761,13247.522108,46.603588,32.10016,46.897325,16.606797,50.845463,44.920707,42.938833,0.664826,pass
GapFade_perp_gap_entry0_35_exit0_05_tp2_sl0_75_h9999_n0_65_m2,GapFade,2aeca750980f7ab8,5,14,81,56.521731,8.978089,18.611663,9.305832,18611.663258,52.416042,31.284721,52.799398,22.175359,57.820877,51.069409,48.80854,0.607667,pass
GapFade_perp_gap_entry0_35_exit0_05_tp2_sl0_75_h9999_n0_65_m5,GapFade,1c1d01d6b3c4dbe5,5,14,81,56.521731,8.978089,18.611663,9.305832,18611.663258,52.416042,31.284721,52.799398,22.175359,57.820877,51.069409,48.80854,0.607667,pass
GapFade_perp_gap_entry0_35_exit0_05_tp2_sl0_75_h9999_n0_65_m8,GapFade,35af794ece81d9f7,5,14,81,56.521731,8.978089,18.611663,9.305832,18611.663258,52.416042,31.284721,52.799398,22.175359,57.820877,51.069409,48.80854,0.607667,pass
GapFade_perp_gap_entry0_35_exit0_05_tp2_sl1_25_h9999_n0_65_m2,GapFade,bb7d01c0266d0150,5,14,81,56.521731,8.978089,18.611663,9.305832,18611.663258,52.416042,31.284721,52.799398,22.175359,57.820877,51.069409,48.80854,0.607667,pass
GapFade_perp_gap_entry0_35_exit0_05_tp2_sl1_25_h9999_n0_65_m5,GapFade,1e59ee3283a0486e,5,14,81,56.521731,8.978089,18.611663,9.305832,18611.663258,52.416042,31.284721,52.799398,22.175359,57.820877,51.069409,48.80854,0.607667,pass
GapFade_perp_gap_entry0_35_exit0_05_tp2_sl1_25_h9999_n0_65_m8,GapFade,688a47c9fcea2ae6,5,14,81,56.521731,8.978089,18.611663,9.305832,18611.663258,52.416042,31.284721,52.799398,22.175359,57.820877,51.069409,48.80854,0.607667,pass
GapFade_perp_gap_entry0_35_exit0_05_tp2_sl2_5_h9999_n0_65_m2,GapFade,b26ac174ea7876c5,5,14,81,56.521731,8.978089,18.611663,9.305832,18611.663258,52.416042,31.284721,52.799398,22.175359,57.820877,51.069409,48.80854,0.607667,pass
GapFade_perp_gap_entry0_35_exit0_05_tp2_sl2_5_h9999_n0_65_m5,GapFade,bfb3b306f1b69172,5,14,81,56.521731,8.978089,18.611663,9.305832,18611.663258,52.416042,31.284721,52.799398,22.175359,57.820877,51.069409,48.80854,0.607667,pass
GapFade_perp_gap_entry0_35_exit0_05_tp2_sl2_5_h9999_n0_65_m8,GapFade,a1c3f558e9638cf2,5,14,81,56.521731,8.978089,18.611663,9.305832,18611.663258,52.416042,31.284721,52.799398,22.175359,57.820877,51.069409,48.80854,0.607667,pass
GapFade_perp_gap_entry0_5_exit0_05_tp1_25_sl1_25_h9999_n0_5_m2,GapFade,7f7e507d590754f1,5,10,85,43.902373,4.950387,10.170283,5.085142,10170.283345,41.647748,31.041457,41.868316,15.377812,44.901716,39.881669,38.125574,0.649727,pass
GapFade_perp_gap_entry0_5_exit0_05_tp1_25_sl1_25_h9999_n0_5_m5,GapFade,8cd05943de2fc778,5,10,85,43.902373,4.950387,10.170283,5.085142,10170.283345,41.647748,31.041457,41.868316,15.377812,44.901716,39.881669,38.125574,0.649727,pass
GapFade_perp_gap_entry0_5_exit0_05_tp1_25_sl1_25_h9999_n0_5_m8,GapFade,f635165f0a750b00,5,10,85,43.902373,4.950387,10.170283,5.085142,10170.283345,41.647748,31.041457,41.868316,15.377812,44.901716,39.881669,38.125574,0.649727,pass
GapFade_perp_gap_entry0_5_exit0_05_tp1_25_sl2_5_h9999_n0_5_m2,GapFade,8c62e4115272b776,5,10,85,43.902373,4.950387,10.170283,5.085142,10170.283345,41.647748,31.041457,41.868316,15.377812,44.901716,39.881669,38.125574,0.649727,pass
GapFade_perp_gap_entry0_5_exit0_05_tp1_25_sl2_5_h9999_n0_5_m5,GapFade,090cb891176d83c0,5,10,85,43.902373,4.950387,10.170283,5.085142,10170.283345,41.647748,31.041457,41.868316,15.377812,44.901716,39.881669,38.125574,0.649727,pass
GapFade_perp_gap_entry0_5_exit0_05_tp1_25_sl2_5_h9999_n0_5_m8,GapFade,55077b904403fbda,5,10,85,43.902373,4.950387,10.170283,5.085142,10170.283345,41.647748,31.041457,41.868316,15.377812,44.901716,39.881669,38.125574,0.649727,pass
GapFade_perp_gap_entry0_5_exit0_1_tp1_25_sl1_25_h9999_n0_5_m2,GapFade,db849c7c10d4ddbd,5,10,85,43.763718,4.950387,10.170145,5.085072,10170.144551,41.509107,30.902871,41.729689,15.377812,44.763061,39.754113,38.003565,0.648617,pass
GapFade_perp_gap_entry0_5_exit0_1_tp1_25_sl1_25_h9999_n0_5_m5,GapFade,4f1c5173174f2573,5,10,85,43.763718,4.950387,10.170145,5.085072,10170.144551,41.509107,30.902871,41.729689,15.377812,44.763061,39.754113,38.003565,0.648617,pass
GapFade_perp_gap_entry0_5_exit0_1_tp1_25_sl1_25_h9999_n0_5_m8,GapFade,452d292063632fc5,5,10,85,43.763718,4.950387,10.170145,5.085072,10170.144551,41.509107,30.902871,41.729689,15.377812,44.763061,39.754113,38.003565,0.648617,pass
GapFade_perp_gap_entry0_5_exit0_1_tp1_25_sl2_5_h9999_n0_5_m2,GapFade,eadafdc4a9976c1d,5,10,85,43.763718,4.950387,10.170145,5.085072,10170.144551,41.509107,30.902871,41.729689,15.377812,44.763061,39.754113,38.003565,0.648617,pass
GapFade_perp_gap_entry0_5_exit0_1_tp1_25_sl2_5_h9999_n0_5_m5,GapFade,bd767649506d67a6,5,10,85,43.763718,4.950387,10.170145,5.085072,10170.144551,41.509107,30.902871,41.729689,15.377812,44.763061,39.754113,38.003565,0.648617,pass
GapFade_perp_gap_entry0_5_exit0_1_tp1_25_sl2_5_h9999_n0_5_m8,GapFade,32eb29ba3aa1d3dd,5,10,85,43.763718,4.950387,10.170145,5.085072,10170.144551,41.509107,30.902871,41.729689,15.377812,44.763061,39.754113,38.003565,0.648617,pass
GapFade_perp_gap_entry0_5_exit0_tp1_25_sl1_25_h9999_n0_5_m2,GapFade,c1bd3cbc45dea6b4,5,10,85,43.66047,4.950387,10.171517,5.085758,10171.516809,41.405722,30.798938,41.626167,15.47908,44.659419,39.659057,37.912638,0.645467,pass
GapFade_perp_gap_entry0_5_exit0_tp1_25_sl1_25_h9999_n0_5_m5,GapFade,d881edc616db00c4,5,10,85,43.66047,4.950387,10.171517,5.085758,10171.516809,41.405722,30.798938,41.626167,15.47908,44.659419,39.659057,37.912638,0.645467,pass
GapFade_perp_gap_entry0_5_exit0_tp1_25_sl1_25_h9999_n0_5_m8,GapFade,4a2369995ac12a7d,5,10,85,43.66047,4.950387,10.171517,5.085758,10171.516809,41.405722,30.798938,41.626167,15.47908,44.659419,39.659057,37.912638,0.645467,pass
GapFade_perp_gap_entry0_5_exit0_tp1_25_sl2_5_h9999_n0_5_m2,GapFade,e1947ae760c1800a,5,10,85,43.66047,4.950387,10.171517,5.085758,10171.516809,41.405722,30.798938,41.626167,15.47908,44.659419,39.659057,37.912638,0.645467,pass
GapFade_perp_gap_entry0_5_exit0_tp1_25_sl2_5_h9999_n0_5_m5,GapFade,59d5a003900f7a8d,5,10,85,43.66047,4.950387,10.171517,5.085758,10171.516809,41.405722,30.798938,41.626167,15.47908,44.659419,39.659057,37.912638,0.645467,pass
GapFade_perp_gap_entry0_5_exit0_tp1_25_sl2_5_h9999_n0_5_m8,GapFade,6cf6a541052fc8a2,5,10,85,43.66047,4.950387,10.171517,5.085758,10171.516809,41.405722,30.798938,41.626167,15.47908,44.659419,39.659057,37.912638,0.645467,pass
GapFade_perp_gap_entry0_5_exit0_1_tp2_sl0_75_h90_n0_65_m2,GapFade,c5a17cf298ad9b13,5,10,85,44.723976,5.105607,13.22944,6.61472,13229.4408,42.12463,30.023042,42.078088,20.024753,46.023122,40.484586,38.695627,0.552259,pass
GapFade_perp_gap_entry0_5_exit0_1_tp2_sl0_75_h90_n0_65_m5,GapFade,858a1055bdda5bd8,5,10,85,44.723976,5.105607,13.22944,6.61472,13229.4408,42.12463,30.023042,42.078088,20.024753,46.023122,40.484586,38.695627,0.552259,pass
GapFade_perp_gap_entry0_5_exit0_1_tp2_sl0_75_h90_n0_65_m8,GapFade,dfd1ccaeb618808d,5,10,85,44.723976,5.105607,13.22944,6.61472,13229.4408,42.12463,30.023042,42.078088,20.024753,46.023122,40.484586,38.695627,0.552259,pass
GapFade_perp_gap_entry0_5_exit0_1_tp2_sl1_25_h90_n0_65_m2,GapFade,c587ef6218d41e2a,5,10,85,44.723976,5.105607,13.22944,6.61472,13229.4408,42.12463,30.023042,42.078088,20.024753,46.023122,40.484586,38.695627,0.552259,pass
GapFade_perp_gap_entry0_5_exit0_1_tp2_sl1_25_h90_n0_65_m5,GapFade,0e5710e6f4270698,5,10,85,44.723976,5.105607,13.22944,6.61472,13229.4408,42.12463,30.023042,42.078088,20.024753,46.023122,40.484586,38.695627,0.552259,pass
GapFade_perp_gap_entry0_5_exit0_1_tp2_sl1_25_h90_n0_65_m8,GapFade,3e1651de78127110,5,10,85,44.723976,5.105607,13.22944,6.61472,13229.4408,42.12463,30.023042,42.078088,20.024753,46.023122,40.484586,38.695627,0.552259,pass
GapFade_perp_gap_entry0_5_exit0_1_tp2_sl2_5_h90_n0_65_m2,GapFade,faebe8f2812a2b7b,5,10,85,44.723976,5.105607,13.22944,6.61472,13229.4408,42.12463,30.023042,42.078088,20.024753,46.023122,40.484586,38.695627,0.552259,pass
GapFade_perp_gap_entry0_5_exit0_1_tp2_sl2_5_h90_n0_65_m5,GapFade,1c4fe6e7b93671d2,5,10,85,44.723976,5.105607,13.22944,6.61472,13229.4408,42.12463,30.023042,42.078088,20.024753,46.023122,40.484586,38.695627,0.552259,pass
GapFade_perp_gap_entry0_5_exit0_1_tp2_sl2_5_h90_n0_65_m8,GapFade,119de82728607a01,5,10,85,44.723976,5.105607,13.22944,6.61472,13229.4408,42.12463,30.023042,42.078088,20.024753,46.023122,40.484586,38.695627,0.552259,pass
GapFade_perp_gap_entry0_5_exit0_tp2_sl0_75_h15_n0_65_m2,GapFade,676abec9d50590a4,5,13,82,47.198867,5.614593,16.582588,8.291294,16582.587304,44.13696,29.728387,43.882349,18.491022,48.497501,42.593828,40.705874,0.608232,pass
GapFade_perp_gap_entry0_5_exit0_tp2_sl0_75_h15_n0_65_m5,GapFade,d5665b35f5be664b,5,13,82,47.198867,5.614593,16.582588,8.291294,16582.587304,44.13696,29.728387,43.882349,18.491022,48.497501,42.593828,40.705874,0.608232,pass
GapFade_perp_gap_entry0_5_exit0_tp2_sl0_75_h15_n0_65_m8,GapFade,f9e5eb416b71bc3b,5,13,82,47.198867,5.614593,16.582588,8.291294,16582.587304,44.13696,29.728387,43.882349,18.491022,48.497501,42.593828,40.705874,0.608232,pass
GapFade_perp_gap_entry0_5_exit0_tp2_sl1_25_h15_n0_65_m2,GapFade,501d00a008cf507f,5,13,82,47.198867,5.614593,16.582588,8.291294,16582.587304,44.13696,29.728387,43.882349,18.491022,48.497501,42.593828,40.705874,0.608232,pass
GapFade_perp_gap_entry0_5_exit0_tp2_sl1_25_h15_n0_65_m5,GapFade,98629d4c3b0e3f4e,5,13,82,47.198867,5.614593,16.582588,8.291294,16582.587304,44.13696,29.728387,43.882349,18.491022,48.497501,42.593828,40.705874,0.608232,pass
GapFade_perp_gap_entry0_5_exit0_tp2_sl1_25_h15_n0_65_m8,GapFade,9a68d486b605f69c,5,13,82,47.198867,5.614593,16.582588,8.291294,16582.587304,44.13696,29.728387,43.882349,18.491022,48.497501,42.593828,40.705874,0.608232,pass
GapFade_perp_gap_entry0_5_exit0_tp2_sl2_5_h15_n0_65_m2,GapFade,f2eb54aea5eb5ab7,5,13,82,47.198867,5.614593,16.582588,8.291294,16582.587304,44.13696,29.728387,43.882349,18.491022,48.497501,42.593828,40.705874,0.608232,pass
GapFade_perp_gap_entry0_5_exit0_tp2_sl2_5_h15_n0_65_m5,GapFade,766802f12e529c9f,5,13,82,47.198867,5.614593,16.582588,8.291294,16582.587304,44.13696,29.728387,43.882349,18.491022,48.497501,42.593828,40.705874,0.608232,pass
GapFade_perp_gap_entry0_5_exit0_tp2_sl2_5_h15_n0_65_m8,GapFade,168559c39c1d5522,5,13,82,47.198867,5.614593,16.582588,8.291294,16582.587304,44.13696,29.728387,43.882349,18.491022,48.497501,42.593828,40.705874,0.608232,pass
GapFade_perp_gap_entry0_5_exit0_tp0_75_sl0_75_h30_n0_65_m2,GapFade,5ba8864f4d5b979f,5,11,84,41.961966,3.628178,14.558406,7.279203,14558.406104,39.599081,29.526407,39.050285,16.606797,43.2606,37.877088,36.19861,0.604242,pass
GapFade_perp_gap_entry0_5_exit0_tp0_75_sl0_75_h30_n0_65_m5,GapFade,c0d2eaaed849b142,5,11,84,41.961966,3.628178,14.558406,7.279203,14558.406104,39.599081,29.526407,39.050285,16.606797,43.2606,37.877088,36.19861,0.604242,pass
GapFade_perp_gap_entry0_5_exit0_tp0_75_sl0_75_h30_n0_65_m8,GapFade,9768ffc9dd710284,5,11,84,41.961966,3.628178,14.558406,7.279203,14558.406104,39.599081,29.526407,39.050285,16.606797,43.2606,37.877088,36.19861,0.604242,pass
GapFade_perp_gap_entry0_5_exit0_tp0_75_sl1_25_h30_n0_65_m2,GapFade,a7865bb6852d1d96,5,11,84,41.961966,3.628178,14.558406,7.279203,14558.406104,39.599081,29.526407,39.050285,16.606797,43.2606,37.877088,36.19861,0.604242,pass
GapFade_perp_gap_entry0_5_exit0_tp0_75_sl1_25_h30_n0_65_m5,GapFade,152c183a0d2b5f53,5,11,84,41.961966,3.628178,14.558406,7.279203,14558.406104,39.599081,29.526407,39.050285,16.606797,43.2606,37.877088,36.19861,0.604242,pass
GapFade_perp_gap_entry0_5_exit0_tp0_75_sl1_25_h30_n0_65_m8,GapFade,d833213458e5d93b,5,11,84,41.961966,3.628178,14.558406,7.279203,14558.406104,39.599081,29.526407,39.050285,16.606797,43.2606,37.877088,36.19861,0.604242,pass
GapFade_perp_gap_entry0_5_exit0_tp0_75_sl2_5_h30_n0_65_m2,GapFade,4e81b568d1f235d1,5,11,84,41.961966,3.628178,14.558406,7.279203,14558.406104,39.599081,29.526407,39.050285,16.606797,43.2606,37.877088,36.19861,0.604242,pass
GapFade_perp_gap_entry0_5_exit0_tp0_75_sl2_5_h30_n0_65_m5,GapFade,e7ca1a05cdab42f4,5,11,84,41.961966,3.628178,14.558406,7.279203,14558.406104,39.599081,29.526407,39.050285,16.606797,43.2606,37.877088,36.19861,0.604242,pass
GapFade_perp_gap_entry0_5_exit0_tp0_75_sl2_5_h30_n0_65_m8,GapFade,127ae744cf5af405,5,11,84,41.961966,3.628178,14.558406,7.279203,14558.406104,39.599081,29.526407,39.050285,16.606797,43.2606,37.877088,36.19861,0.604242,pass
GapFade_perp_gap_entry0_5_exit0_05_tp0_75_sl0_75_h30_n0_65_m2,GapFade,d98aada8a0af889c,5,11,84,41.82967,3.628178,14.555777,7.277889,14555.776977,39.467048,29.395425,38.918515,16.474501,43.128816,37.755508,36.082321,0.606153,pass
GapFade_perp_gap_entry0_5_exit0_05_tp0_75_sl0_75_h30_n0_65_m5,GapFade,f89c9170574cfb74,5,11,84,41.82967,3.628178,14.555777,7.277889,14555.776977,39.467048,29.395425,38.918515,16.474501,43.128816,37.755508,36.082321,0.606153,pass
GapFade_perp_gap_entry0_5_exit0_05_tp0_75_sl0_75_h30_n0_65_m8,GapFade,7163d86927621600,5,11,84,41.82967,3.628178,14.555777,7.277889,14555.776977,39.467048,29.395425,38.918515,16.474501,43.128816,37.755508,36.082321,0.606153,pass
GapFade_perp_gap_entry0_5_exit0_05_tp0_75_sl1_25_h30_n0_65_m2,GapFade,5e5d776ba3bd18f1,5,11,84,41.82967,3.628178,14.555777,7.277889,14555.776977,39.467048,29.395425,38.918515,16.474501,43.128816,37.755508,36.082321,0.606153,pass
GapFade_perp_gap_entry0_5_exit0_05_tp0_75_sl1_25_h30_n0_65_m5,GapFade,e86d82cc06c1c5ad,5,11,84,41.82967,3.628178,14.555777,7.277889,14555.776977,39.467048,29.395425,38.918515,16.474501,43.128816,37.755508,36.082321,0.606153,pass
GapFade_perp_gap_entry0_5_exit0_05_tp0_75_sl1_25_h30_n0_65_m8,GapFade,4a9e03f0c20662bb,5,11,84,41.82967,3.628178,14.555777,7.277889,14555.776977,39.467048,29.395425,38.918515,16.474501,43.128816,37.755508,36.082321,0.606153,pass
GapFade_perp_gap_entry0_5_exit0_05_tp0_75_sl2_5_h30_n0_65_m2,GapFade,f9a44d69955dbd73,5,11,84,41.82967,3.628178,14.555777,7.277889,14555.776977,39.467048,29.395425,38.918515,16.474501,43.128816,37.755508,36.082321,0.606153,pass
GapFade_perp_gap_entry0_5_exit0_05_tp0_75_sl2_5_h30_n0_65_m5,GapFade,14e950261b5b8e67,5,11,84,41.82967,3.628178,14.555777,7.277889,14555.776977,39.467048,29.395425,38.918515,16.474501,43.128816,37.755508,36.082321,0.606153,pass
GapFade_perp_gap_entry0_5_exit0_05_tp0_75_sl2_5_h30_n0_65_m8,GapFade,c21eaa1fa8014cd1,5,11,84,41.82967,3.628178,14.555777,7.277889,14555.776977,39.467048,29.395425,38.918515,16.474501,43.128816,37.755508,36.082321,0.606153,pass
GapFade_perp_gap_entry0_5_exit0_1_tp0_75_sl0_75_h30_n0_65_m2,GapFade,830cbc9e89b092f3,5,11,84,41.82967,3.628178,14.555777,7.277889,14555.776977,39.467048,29.395425,38.918515,16.474501,43.128816,37.755508,36.082321,0.606153,pass
GapFade_perp_gap_entry0_5_exit0_1_tp0_75_sl0_75_h30_n0_65_m5,GapFade,9cc8b77b624da7f9,5,11,84,41.82967,3.628178,14.555777,7.277889,14555.776977,39.467048,29.395425,38.918515,16.474501,43.128816,37.755508,36.082321,0.606153,pass
GapFade_perp_gap_entry0_5_exit0_1_tp0_75_sl0_75_h30_n0_65_m8,GapFade,7b80fdab177d79bb,5,11,84,41.82967,3.628178,14.555777,7.277889,14555.776977,39.467048,29.395425,38.918515,16.474501,43.128816,37.755508,36.082321,0.606153,pass
GapFade_perp_gap_entry0_5_exit0_1_tp0_75_sl1_25_h30_n0_65_m2,GapFade,b1a4a9b80702fe2b,5,11,84,41.82967,3.628178,14.555777,7.277889,14555.776977,39.467048,29.395425,38.918515,16.474501,43.128816,37.755508,36.082321,0.606153,pass
GapFade_perp_gap_entry0_5_exit0_1_tp0_75_sl1_25_h30_n0_65_m5,GapFade,a14f7ebb75b14d3e,5,11,84,41.82967,3.628178,14.555777,7.277889,14555.776977,39.467048,29.395425,38.918515,16.474501,43.128816,37.755508,36.082321,0.606153,pass
GapFade_perp_gap_entry0_5_exit0_1_tp0_75_sl1_25_h30_n0_65_m8,GapFade,b409b726fbb5867e,5,11,84,41.82967,3.628178,14.555777,7.277889,14555.776977,39.467048,29.395425,38.918515,16.474501,43.128816,37.755508,36.082321,0.606153,pass
GapFade_perp_gap_entry0_5_exit0_1_tp0_75_sl2_5_h30_n0_65_m2,GapFade,123cac1419396c9c,5,11,84,41.82967,3.628178,14.555777,7.277889,14555.776977,39.467048,29.395425,38.918515,16.474501,43.128816,37.755508,36.082321,0.606153,pass
GapFade_perp_gap_entry0_5_exit0_1_tp0_75_sl2_5_h30_n0_65_m5,GapFade,8aa5227a07d43855,5,11,84,41.82967,3.628178,14.555777,7.277889,14555.776977,39.467048,29.395425,38.918515,16.474501,43.128816,37.755508,36.082321,0.606153,pass
GapFade_perp_gap_entry0_5_exit0_1_tp0_75_sl2_5_h30_n0_65_m8,GapFade,ca974ea0098e2dfd,5,11,84,41.82967,3.628178,14.555777,7.277889,14555.776977,39.467048,29.395425,38.918515,16.474501,43.128816,37.755508,36.082321,0.606153,pass
GapFade_perp_gap_entry0_5_exit0_tp1_25_sl0_75_h90_n0_65_m2,GapFade,09922ec7ec1ac8f0,5,10,85,43.942632,5.101044,13.227582,6.613791,13227.582022,41.344613,29.251753,41.297116,20.159294,45.241266,39.765842,38.008137,0.541236,pass
GapFade_perp_gap_entry0_5_exit0_tp1_25_sl0_75_h90_n0_65_m5,GapFade,fb848604576fe0ff,5,10,85,43.942632,5.101044,13.227582,6.613791,13227.582022,41.344613,29.251753,41.297116,20.159294,45.241266,39.765842,38.008137,0.541236,pass
GapFade_perp_gap_entry0_5_exit0_tp1_25_sl0_75_h90_n0_65_m8,GapFade,f6afc088db1ce731,5,10,85,43.942632,5.101044,13.227582,6.613791,13227.582022,41.344613,29.251753,41.297116,20.159294,45.241266,39.765842,38.008137,0.541236,pass
GapFade_perp_gap_entry0_5_exit0_tp1_25_sl1_25_h90_n0_65_m2,GapFade,46f9bcf157532086,5,10,85,43.942632,5.101044,13.227582,6.613791,13227.582022,41.344613,29.251753,41.297116,20.159294,45.241266,39.765842,38.008137,0.541236,pass
GapFade_perp_gap_entry0_5_exit0_tp1_25_sl1_25_h90_n0_65_m5,GapFade,1cf43075a138f26c,5,10,85,43.942632,5.101044,13.227582,6.613791,13227.582022,41.344613,29.251753,41.297116,20.159294,45.241266,39.765842,38.008137,0.541236,pass
GapFade_perp_gap_entry0_5_exit0_tp1_25_sl1_25_h90_n0_65_m8,GapFade,454eb04876625b23,5,10,85,43.942632,5.101044,13.227582,6.613791,13227.582022,41.344613,29.251753,41.297116,20.159294,45.241266,39.765842,38.008137,0.541236,pass
GapFade_perp_gap_entry0_5_exit0_tp1_25_sl2_5_h90_n0_65_m2,GapFade,4c5f7a54964822b6,5,10,85,43.942632,5.101044,13.227582,6.613791,13227.582022,41.344613,29.251753,41.297116,20.159294,45.241266,39.765842,38.008137,0.541236,pass
GapFade_perp_gap_entry0_5_exit0_tp1_25_sl2_5_h90_n0_65_m5,GapFade,2711e68b12db6db6,5,10,85,43.942632,5.101044,13.227582,6.613791,13227.582022,41.344613,29.251753,41.297116,20.159294,45.241266,39.765842,38.008137,0.541236,pass
GapFade_perp_gap_entry0_5_exit0_tp1_25_sl2_5_h90_n0_65_m8,GapFade,e28c5013be5976bc,5,10,85,43.942632,5.101044,13.227582,6.613791,13227.582022,41.344613,29.251753,41.297116,20.159294,45.241266,39.765842,38.008137,0.541236,pass
GapFade_perp_gap_entry0_5_exit0_05_tp2_sl0_75_h15_n0_65_m2,GapFade,6e037f230d312fd1,5,12,83,46.325094,5.614593,15.865383,7.932692,15865.383515,43.334907,29.238217,43.152017,19.002791,47.62424,41.825817,39.972814,0.589795,pass
GapFade_perp_gap_entry0_5_exit0_05_tp2_sl0_75_h15_n0_65_m5,GapFade,144279fd3f79b13c,5,12,83,46.325094,5.614593,15.865383,7.932692,15865.383515,43.334907,29.238217,43.152017,19.002791,47.62424,41.825817,39.972814,0.589795,pass
GapFade_perp_gap_entry0_5_exit0_05_tp2_sl0_75_h15_n0_65_m8,GapFade,626da1d39080555a,5,12,83,46.325094,5.614593,15.865383,7.932692,15865.383515,43.334907,29.238217,43.152017,19.002791,47.62424,41.825817,39.972814,0.589795,pass
GapFade_perp_gap_entry0_5_exit0_05_tp2_sl1_25_h15_n0_65_m2,GapFade,acda8df67a1c26f6,5,12,83,46.325094,5.614593,15.865383,7.932692,15865.383515,43.334907,29.238217,43.152017,19.002791,47.62424,41.825817,39.972814,0.589795,pass
GapFade_perp_gap_entry0_5_exit0_05_tp2_sl1_25_h15_n0_65_m5,GapFade,8be244bdec40e1f6,5,12,83,46.325094,5.614593,15.865383,7.932692,15865.383515,43.334907,29.238217,43.152017,19.002791,47.62424,41.825817,39.972814,0.589795,pass
GapFade_perp_gap_entry0_5_exit0_05_tp2_sl1_25_h15_n0_65_m8,GapFade,90181736f423c1d0,5,12,83,46.325094,5.614593,15.865383,7.932692,15865.383515,43.334907,29.238217,43.152017,19.002791,47.62424,41.825817,39.972814,0.589795,pass
GapFade_perp_gap_entry0_5_exit0_05_tp2_sl2_5_h15_n0_65_m2,GapFade,5ee1bb674961e791,5,12,83,46.325094,5.614593,15.865383,7.932692,15865.383515,43.334907,29.238217,43.152017,19.002791,47.62424,41.825817,39.972814,0.589795,pass
GapFade_perp_gap_entry0_5_exit0_05_tp2_sl2_5_h15_n0_65_m5,GapFade,6322815bf51cf0ff,5,12,83,46.325094,5.614593,15.865383,7.932692,15865.383515,43.334907,29.238217,43.152017,19.002791,47.62424,41.825817,39.972814,0.589795,pass
GapFade_perp_gap_entry0_5_exit0_05_tp2_sl2_5_h15_n0_65_m8,GapFade,23070a6b0bdb1906,5,12,83,46.325094,5.614593,15.865383,7.932692,15865.383515,43.334907,29.238217,43.152017,19.002791,47.62424,41.825817,39.972814,0.589795,pass
GapFade_perp_gap_entry0_5_exit0_1_tp2_sl1_25_h9999_n0_65_m2,GapFade,0e78c10847d2bdc7,5,10,85,52.808427,9.558368,13.253004,6.626502,13253.004119,49.093535,29.190189,50.157826,20.024753,54.107573,47.921103,45.808766,0.620804,pass
GapFade_perp_gap_entry0_5_exit0_1_tp2_sl1_25_h9999_n0_65_m5,GapFade,4a82de029a1fe442,5,10,85,52.808427,9.558368,13.253004,6.626502,13253.004119,49.093535,29.190189,50.157826,20.024753,54.107573,47.921103,45.808766,0.620804,pass
GapFade_perp_gap_entry0_5_exit0_1_tp2_sl1_25_h9999_n0_65_m8,GapFade,f283cacfe1d37944,5,10,85,52.808427,9.558368,13.253004,6.626502,13253.004119,49.093535,29.190189,50.157826,20.024753,54.107573,47.921103,45.808766,0.620804,pass
GapFade_perp_gap_entry0_5_exit0_1_tp2_sl2_5_h9999_n0_65_m2,GapFade,d3ae696f04deda5a,5,10,85,52.808427,9.558368,13.253004,6.626502,13253.004119,49.093535,29.190189,50.157826,20.024753,54.107573,47.921103,45.808766,0.620804,pass
GapFade_perp_gap_entry0_5_exit0_1_tp2_sl2_5_h9999_n0_65_m5,GapFade,43de53bcf2a3b0ea,5,10,85,52.808427,9.558368,13.253004,6.626502,13253.004119,49.093535,29.190189,50.157826,20.024753,54.107573,47.921103,45.808766,0.620804,pass
GapFade_perp_gap_entry0_5_exit0_1_tp2_sl2_5_h9999_n0_65_m8,GapFade,5ce3b747a289c90e,5,10,85,52.808427,9.558368,13.253004,6.626502,13253.004119,49.093535,29.190189,50.157826,20.024753,54.107573,47.921103,45.808766,0.620804,pass
GapFade_perp_gap_entry0_5_exit0_05_tp1_25_sl0_75_h90_n0_65_m2,GapFade,84ab6f841589bb02,5,10,85,43.808091,5.101044,13.224947,6.612474,13224.947728,41.210335,29.11853,41.163102,20.024753,45.107237,39.642196,37.889873,0.542898,pass
GapFade_perp_gap_entry0_5_exit0_05_tp1_25_sl0_75_h90_n0_65_m5,GapFade,76e5cc80cee03bc7,5,10,85,43.808091,5.101044,13.224947,6.612474,13224.947728,41.210335,29.11853,41.163102,20.024753,45.107237,39.642196,37.889873,0.542898,pass
GapFade_perp_gap_entry0_5_exit0_05_tp1_25_sl0_75_h90_n0_65_m8,GapFade,3e837e86cef5fc81,5,10,85,43.808091,5.101044,13.224947,6.612474,13224.947728,41.210335,29.11853,41.163102,20.024753,45.107237,39.642196,37.889873,0.542898,pass
GapFade_perp_gap_entry0_5_exit0_05_tp1_25_sl1_25_h90_n0_65_m2,GapFade,e9d291045db41435,5,10,85,43.808091,5.101044,13.224947,6.612474,13224.947728,41.210335,29.11853,41.163102,20.024753,45.107237,39.642196,37.889873,0.542898,pass
GapFade_perp_gap_entry0_5_exit0_05_tp1_25_sl1_25_h90_n0_65_m5,GapFade,15ab3bb9630fe5b0,5,10,85,43.808091,5.101044,13.224947,6.612474,13224.947728,41.210335,29.11853,41.163102,20.024753,45.107237,39.642196,37.889873,0.542898,pass
GapFade_perp_gap_entry0_5_exit0_05_tp1_25_sl1_25_h90_n0_65_m8,GapFade,d4f420c6fd95c97c,5,10,85,43.808091,5.101044,13.224947,6.612474,13224.947728,41.210335,29.11853,41.163102,20.024753,45.107237,39.642196,37.889873,0.542898,pass
GapFade_perp_gap_entry0_5_exit0_05_tp1_25_sl2_5_h90_n0_65_m2,GapFade,bcfdc3d34dd3f17a,5,10,85,43.808091,5.101044,13.224947,6.612474,13224.947728,41.210335,29.11853,41.163102,20.024753,45.107237,39.642196,37.889873,0.542898,pass
GapFade_perp_gap_entry0_5_exit0_05_tp1_25_sl2_5_h90_n0_65_m5,GapFade,2587ea17febae587,5,10,85,43.808091,5.101044,13.224947,6.612474,13224.947728,41.210335,29.11853,41.163102,20.024753,45.107237,39.642196,37.889873,0.542898,pass
GapFade_perp_gap_entry0_5_exit0_05_tp1_25_sl2_5_h90_n0_65_m8,GapFade,cc3e67a11bc10d9d,5,10,85,43.808091,5.101044,13.224947,6.612474,13224.947728,41.210335,29.11853,41.163102,20.024753,45.107237,39.642196,37.889873,0.542898,pass
GapFade_perp_gap_entry0_5_exit0_1_tp1_25_sl0_75_h90_n0_65_m2,GapFade,66b55207e750ba9e,5,10,85,43.808091,5.101044,13.224947,6.612474,13224.947728,41.210335,29.11853,41.163102,20.024753,45.107237,39.642196,37.889873,0.542898,pass
GapFade_perp_gap_entry0_5_exit0_1_tp1_25_sl0_75_h90_n0_65_m5,GapFade,c1688cc0e7a23e06,5,10,85,43.808091,5.101044,13.224947,6.612474,13224.947728,41.210335,29.11853,41.163102,20.024753,45.107237,39.642196,37.889873,0.542898,pass
GapFade_perp_gap_entry0_5_exit0_1_tp1_25_sl0_75_h90_n0_65_m8,GapFade,9a067ea60347781a,5,10,85,43.808091,5.101044,13.224947,6.612474,13224.947728,41.210335,29.11853,41.163102,20.024753,45.107237,39.642196,37.889873,0.542898,pass
GapFade_perp_gap_entry0_5_exit0_1_tp1_25_sl1_25_h90_n0_65_m2,GapFade,dc9386607c7a0771,5,10,85,43.808091,5.101044,13.224947,6.612474,13224.947728,41.210335,29.11853,41.163102,20.024753,45.107237,39.642196,37.889873,0.542898,pass
GapFade_perp_gap_entry0_5_exit0_1_tp1_25_sl1_25_h90_n0_65_m5,GapFade,14497935ada7dc33,5,10,85,43.808091,5.101044,13.224947,6.612474,13224.947728,41.210335,29.11853,41.163102,20.024753,45.107237,39.642196,37.889873,0.542898,pass
GapFade_perp_gap_entry0_5_exit0_1_tp1_25_sl1_25_h90_n0_65_m8,GapFade,535f0355a11de5eb,5,10,85,43.808091,5.101044,13.224947,6.612474,13224.947728,41.210335,29.11853,41.163102,20.024753,45.107237,39.642196,37.889873,0.542898,pass
GapFade_perp_gap_entry0_5_exit0_1_tp1_25_sl2_5_h90_n0_65_m2,GapFade,2d24b30449f1db74,5,10,85,43.808091,5.101044,13.224947,6.612474,13224.947728,41.210335,29.11853,41.163102,20.024753,45.107237,39.642196,37.889873,0.542898,pass
GapFade_perp_gap_entry0_5_exit0_1_tp1_25_sl2_5_h90_n0_65_m5,GapFade,b5ea55d780e40629,5,10,85,43.808091,5.101044,13.224947,6.612474,13224.947728,41.210335,29.11853,41.163102,20.024753,45.107237,39.642196,37.889873,0.542898,pass
GapFade_perp_gap_entry0_5_exit0_1_tp1_25_sl2_5_h90_n0_65_m8,GapFade,b053e3b54349be7a,5,10,85,43.808091,5.101044,13.224947,6.612474,13224.947728,41.210335,29.11853,41.163102,20.024753,45.107237,39.642196,37.889873,0.542898,pass
GapFade_perp_gap_entry0_35_exit0_tp2_sl1_25_h9999_n0_5_m2,GapFade,ed149eb806fae58c,5,9,86,49.446839,9.046402,9.168837,4.584418,9168.836729,46.268355,28.919617,47.613072,17.797852,50.445788,45.03265,43.054776,0.640061,pass
GapFade_perp_gap_entry0_35_exit0_tp2_sl1_25_h9999_n0_5_m5,GapFade,f6135256d969255b,5,9,86,49.446839,9.046402,9.168837,4.584418,9168.836729,46.268355,28.919617,47.613072,17.797852,50.445788,45.03265,43.054776,0.640061,pass
GapFade_perp_gap_entry0_35_exit0_tp2_sl1_25_h9999_n0_5_m8,GapFade,6f808d61fa8ad178,5,9,86,49.446839,9.046402,9.168837,4.584418,9168.836729,46.268355,28.919617,47.613072,17.797852,50.445788,45.03265,43.054776,0.640061,pass
GapFade_perp_gap_entry0_35_exit0_tp2_sl2_5_h9999_n0_5_m2,GapFade,a64b0e35ec649b56,5,9,86,49.446839,9.046402,9.168837,4.584418,9168.836729,46.268355,28.919617,47.613072,17.797852,50.445788,45.03265,43.054776,0.640061,pass
GapFade_perp_gap_entry0_35_exit0_tp2_sl2_5_h9999_n0_5_m5,GapFade,17ca02efd92e059f,5,9,86,49.446839,9.046402,9.168837,4.584418,9168.836729,46.268355,28.919617,47.613072,17.797852,50.445788,45.03265,43.054776,0.640061,pass
GapFade_perp_gap_entry0_35_exit0_tp2_sl2_5_h9999_n0_5_m8,GapFade,7a7bcfb905b17f8b,5,9,86,49.446839,9.046402,9.168837,4.584418,9168.836729,46.268355,28.919617,47.613072,17.797852,50.445788,45.03265,43.054776,0.640061,pass
GapFade_perp_gap_entry0_5_exit0_tp2_sl0_75_h30_n0_5_m2,GapFade,1199c098492c2cd9,5,11,84,38.913692,3.41274,11.180055,5.590027,11180.055226,36.942501,28.598185,36.677681,17.435122,39.912641,35.241594,33.685046,0.551954,pass
GapFade_perp_gap_entry0_5_exit0_tp2_sl0_75_h30_n0_5_m5,GapFade,ee2ec5dae82aaee9,5,11,84,38.913692,3.41274,11.180055,5.590027,11180.055226,36.942501,28.598185,36.677681,17.435122,39.912641,35.241594,33.685046,0.551954,pass
GapFade_perp_gap_entry0_5_exit0_tp2_sl0_75_h30_n0_5_m8,GapFade,6fe16edb3c34844b,5,11,84,38.913692,3.41274,11.180055,5.590027,11180.055226,36.942501,28.598185,36.677681,17.435122,39.912641,35.241594,33.685046,0.551954,pass
GapFade_perp_gap_entry0_5_exit0_tp2_sl1_25_h30_n0_5_m2,GapFade,bf7decec2ea497ac,5,11,84,38.913692,3.41274,11.180055,5.590027,11180.055226,36.942501,28.598185,36.677681,17.435122,39.912641,35.241594,33.685046,0.551954,pass
GapFade_perp_gap_entry0_5_exit0_tp2_sl1_25_h30_n0_5_m5,GapFade,330072570f3a2210,5,11,84,38.913692,3.41274,11.180055,5.590027,11180.055226,36.942501,28.598185,36.677681,17.435122,39.912641,35.241594,33.685046,0.551954,pass
GapFade_perp_gap_entry0_5_exit0_tp2_sl1_25_h30_n0_5_m8,GapFade,95de52a97f2d3fa5,5,11,84,38.913692,3.41274,11.180055,5.590027,11180.055226,36.942501,28.598185,36.677681,17.435122,39.912641,35.241594,33.685046,0.551954,pass
GapFade_perp_gap_entry0_5_exit0_tp2_sl2_5_h30_n0_5_m2,GapFade,abb1933094efe09b,5,11,84,38.913692,3.41274,11.180055,5.590027,11180.055226,36.942501,28.598185,36.677681,17.435122,39.912641,35.241594,33.685046,0.551954,pass
GapFade_perp_gap_entry0_5_exit0_tp2_sl2_5_h30_n0_5_m5,GapFade,bf82bba389b9c02f,5,11,84,38.913692,3.41274,11.180055,5.590027,11180.055226,36.942501,28.598185,36.677681,17.435122,39.912641,35.241594,33.685046,0.551954,pass
GapFade_perp_gap_entry0_5_exit0_tp2_sl2_5_h30_n0_5_m8,GapFade,0b1c8baa9dc02746,5,11,84,38.913692,3.41274,11.180055,5.590027,11180.055226,36.942501,28.598185,36.677681,17.435122,39.912641,35.241594,33.685046,0.551954,pass
GapFade_perp_gap_entry0_5_exit0_05_tp2_sl0_75_h30_n0_5_m2,GapFade,a7cbcfc4521d866f,5,11,84,38.810503,3.41274,11.178473,5.589237,11178.472491,36.839471,28.495786,36.574808,17.82879,39.809846,35.146739,33.594319,0.540619,pass
GapFade_perp_gap_entry0_5_exit0_05_tp2_sl0_75_h30_n0_5_m5,GapFade,8d4fd501e9690cf4,5,11,84,38.810503,3.41274,11.178473,5.589237,11178.472491,36.839471,28.495786,36.574808,17.82879,39.809846,35.146739,33.594319,0.540619,pass
GapFade_perp_gap_entry0_5_exit0_05_tp2_sl0_75_h30_n0_5_m8,GapFade,7fb99a58443c1986,5,11,84,38.810503,3.41274,11.178473,5.589237,11178.472491,36.839471,28.495786,36.574808,17.82879,39.809846,35.146739,33.594319,0.540619,pass
GapFade_perp_gap_entry0_5_exit0_05_tp2_sl1_25_h30_n0_5_m2,GapFade,f7f91de4661974cd,5,11,84,38.810503,3.41274,11.178473,5.589237,11178.472491,36.839471,28.495786,36.574808,17.82879,39.809846,35.146739,33.594319,0.540619,pass
GapFade_perp_gap_entry0_5_exit0_05_tp2_sl1_25_h30_n0_5_m5,GapFade,ccdc302b035c717e,5,11,84,38.810503,3.41274,11.178473,5.589237,11178.472491,36.839471,28.495786,36.574808,17.82879,39.809846,35.146739,33.594319,0.540619,pass
GapFade_perp_gap_entry0_5_exit0_05_tp2_sl1_25_h30_n0_5_m8,GapFade,09384651acc0e6a3,5,11,84,38.810503,3.41274,11.178473,5.589237,11178.472491,36.839471,28.495786,36.574808,17.82879,39.809846,35.146739,33.594319,0.540619,pass
GapFade_perp_gap_entry0_5_exit0_05_tp2_sl2_5_h30_n0_5_m2,GapFade,82e717d6c05534bd,5,11,84,38.810503,3.41274,11.178473,5.589237,11178.472491,36.839471,28.495786,36.574808,17.82879,39.809846,35.146739,33.594319,0.540619,pass
GapFade_perp_gap_entry0_5_exit0_05_tp2_sl2_5_h30_n0_5_m5,GapFade,6f4add7717dd24d4,5,11,84,38.810503,3.41274,11.178473,5.589237,11178.472491,36.839471,28.495786,36.574808,17.82879,39.809846,35.146739,33.594319,0.540619,pass
GapFade_perp_gap_entry0_5_exit0_05_tp2_sl2_5_h30_n0_5_m8,GapFade,1cd5d402e8d485c7,5,11,84,38.810503,3.41274,11.178473,5.589237,11178.472491,36.839471,28.495786,36.574808,17.82879,39.809846,35.146739,33.594319,0.540619,pass
GapFade_perp_gap_entry0_5_exit0_05_tp2_sl1_25_h9999_n0_5_m2,GapFade,d14cc269b3abe1ef,5,9,86,44.728848,7.105586,9.147343,4.573671,9147.342758,42.037717,28.094005,42.899379,19.325598,45.728191,40.693173,38.904019,0.567939,pass
