config_id,source,direction,entry_pct,exit_pct,take_profit_pct,stop_loss_pct,max_hold_snapshots,notional_pct,max_concurrent,sessions,positive_sessions,total_trades,total_wins,total_losses,total_pnl,avg_pnl,max_drawdown,total_fees
perp_gap_fade_e0p35_x0_tp2_sl1p25_h9999_n0p35_m5,perp_gap,fade,0.35,0,2,1.25,9999,0.35,5,4,2,13,11,2,49.585494,12.396373,5.365394,9.059973
perp_gap_fade_e0p35_x0_tp2_sl1p25_h9999_n0p35_m8,perp_gap,fade,0.35,0,2,1.25,9999,0.35,8,4,2,13,11,2,49.585494,12.396373,5.365394,9.059973
perp_gap_fade_e0p35_x0_tp2_sl2p5_h9999_n0p35_m5,perp_gap,fade,0.35,0,2,2.5,9999,0.35,5,4,2,13,11,2,49.585494,12.396373,5.365394,9.059973
perp_gap_fade_e0p35_x0_tp2_sl2p5_h9999_n0p35_m8,perp_gap,fade,0.35,0,2,2.5,9999,0.35,8,4,2,13,11,2,49.585494,12.396373,5.365394,9.059973
perp_gap_fade_e0p35_x0_tp2_sl0p75_h9999_n0p35_m5,perp_gap,fade,0.35,0,2,0.75,9999,0.35,5,4,2,14,12,2,49.399104,12.349776,5.86181,9.775219
perp_gap_fade_e0p35_x0_tp2_sl0p75_h9999_n0p35_m8,perp_gap,fade,0.35,0,2,0.75,9999,0.35,8,4,2,14,12,2,49.399104,12.349776,5.86181,9.775219
perp_gap_fade_e0p35_x0_tp2_sl0p75_h9999_n0p35_m2,perp_gap,fade,0.35,0,2,0.75,9999,0.35,2,4,2,13,11,2,48.369378,12.092344,6.194125,9.267557
perp_gap_fade_e0p35_x0_tp2_sl1p25_h9999_n0p35_m2,perp_gap,fade,0.35,0,2,1.25,9999,0.35,2,4,2,11,9,2,48.346187,12.086547,5.908406,7.837425
perp_gap_fade_e0p35_x0_tp2_sl2p5_h9999_n0p35_m2,perp_gap,fade,0.35,0,2,2.5,9999,0.35,2,4,2,11,9,2,48.346187,12.086547,5.908406,7.837425
perp_gap_fade_e0p35_x0_tp2_sl0p75_h9999_n0p5_m2,perp_gap,fade,0.35,0,2,0.75,9999,0.5,2,4,2,5,5,0,47.8575,11.964375,3.998328,5.085072
perp_gap_fade_e0p35_x0_tp2_sl0p75_h9999_n0p5_m5,perp_gap,fade,0.35,0,2,0.75,9999,0.5,5,4,2,5,5,0,47.8575,11.964375,3.998328,5.085072
perp_gap_fade_e0p35_x0_tp2_sl0p75_h9999_n0p5_m8,perp_gap,fade,0.35,0,2,0.75,9999,0.5,8,4,2,5,5,0,47.8575,11.964375,3.998328,5.085072
perp_gap_fade_e0p35_x0_tp2_sl1p25_h9999_n0p5_m2,perp_gap,fade,0.35,0,2,1.25,9999,0.5,2,4,2,5,5,0,47.8575,11.964375,3.998328,5.085072
perp_gap_fade_e0p35_x0_tp2_sl1p25_h9999_n0p5_m5,perp_gap,fade,0.35,0,2,1.25,9999,0.5,5,4,2,5,5,0,47.8575,11.964375,3.998328,5.085072
perp_gap_fade_e0p35_x0_tp2_sl1p25_h9999_n0p5_m8,perp_gap,fade,0.35,0,2,1.25,9999,0.5,8,4,2,5,5,0,47.8575,11.964375,3.998328,5.085072
perp_gap_fade_e0p35_x0_tp2_sl2p5_h9999_n0p5_m2,perp_gap,fade,0.35,0,2,2.5,9999,0.5,2,4,2,5,5,0,47.8575,11.964375,3.998328,5.085072
perp_gap_fade_e0p35_x0_tp2_sl2p5_h9999_n0p5_m5,perp_gap,fade,0.35,0,2,2.5,9999,0.5,5,4,2,5,5,0,47.8575,11.964375,3.998328,5.085072
perp_gap_fade_e0p35_x0_tp2_sl2p5_h9999_n0p5_m8,perp_gap,fade,0.35,0,2,2.5,9999,0.5,8,4,2,5,5,0,47.8575,11.964375,3.998328,5.085072
perp_gap_fade_e0p2_x0_tp1p25_sl0p75_h9999_n0p35_m5,perp_gap,fade,0.2,0,1.25,0.75,9999,0.35,5,4,2,25,14,11,41.910793,10.477698,11.160382,17.040167
perp_gap_fade_e0p2_x0_tp1p25_sl0p75_h9999_n0p35_m8,perp_gap,fade,0.2,0,1.25,0.75,9999,0.35,8,4,2,25,14,11,41.910793,10.477698,11.160382,17.040167
perp_gap_fade_e0p5_x0_tp2_sl1p25_h9999_n0p5_m2,perp_gap,fade,0.5,0,2,1.25,9999,0.5,2,4,2,6,6,0,40.051696,10.012924,7.222283,6.104705
perp_gap_fade_e0p5_x0_tp2_sl1p25_h9999_n0p5_m5,perp_gap,fade,0.5,0,2,1.25,9999,0.5,5,4,2,6,6,0,40.051696,10.012924,7.222283,6.104705
perp_gap_fade_e0p5_x0_tp2_sl1p25_h9999_n0p5_m8,perp_gap,fade,0.5,0,2,1.25,9999,0.5,8,4,2,6,6,0,40.051696,10.012924,7.222283,6.104705
perp_gap_fade_e0p5_x0_tp2_sl2p5_h9999_n0p5_m2,perp_gap,fade,0.5,0,2,2.5,9999,0.5,2,4,2,6,6,0,40.051696,10.012924,7.222283,6.104705
perp_gap_fade_e0p5_x0_tp2_sl2p5_h9999_n0p5_m5,perp_gap,fade,0.5,0,2,2.5,9999,0.5,5,4,2,6,6,0,40.051696,10.012924,7.222283,6.104705
perp_gap_fade_e0p5_x0_tp2_sl2p5_h9999_n0p5_m8,perp_gap,fade,0.5,0,2,2.5,9999,0.5,8,4,2,6,6,0,40.051696,10.012924,7.222283,6.104705
perp_gap_fade_e0p5_x0_tp1p25_sl1p25_h9999_n0p5_m2,perp_gap,fade,0.5,0,1.25,1.25,9999,0.5,2,4,2,7,7,0,39.364821,9.841205,4.950387,7.135898
perp_gap_fade_e0p5_x0_tp1p25_sl1p25_h9999_n0p5_m5,perp_gap,fade,0.5,0,1.25,1.25,9999,0.5,5,4,2,7,7,0,39.364821,9.841205,4.950387,7.135898
perp_gap_fade_e0p5_x0_tp1p25_sl1p25_h9999_n0p5_m8,perp_gap,fade,0.5,0,1.25,1.25,9999,0.5,8,4,2,7,7,0,39.364821,9.841205,4.950387,7.135898
perp_gap_fade_e0p5_x0_tp1p25_sl2p5_h9999_n0p5_m2,perp_gap,fade,0.5,0,1.25,2.5,9999,0.5,2,4,2,7,7,0,39.364821,9.841205,4.950387,7.135898
perp_gap_fade_e0p5_x0_tp1p25_sl2p5_h9999_n0p5_m5,perp_gap,fade,0.5,0,1.25,2.5,9999,0.5,5,4,2,7,7,0,39.364821,9.841205,4.950387,7.135898
perp_gap_fade_e0p5_x0_tp1p25_sl2p5_h9999_n0p5_m8,perp_gap,fade,0.5,0,1.25,2.5,9999,0.5,8,4,2,7,7,0,39.364821,9.841205,4.950387,7.135898
perp_gap_fade_e0p5_x0p1_tp1p25_sl1p25_h9999_n0p5_m2,perp_gap,fade,0.5,0.1,1.25,1.25,9999,0.5,2,4,2,7,7,0,39.077488,9.769372,4.950387,7.135123
perp_gap_fade_e0p5_x0p1_tp1p25_sl1p25_h9999_n0p5_m5,perp_gap,fade,0.5,0.1,1.25,1.25,9999,0.5,5,4,2,7,7,0,39.077488,9.769372,4.950387,7.135123
perp_gap_fade_e0p5_x0p1_tp1p25_sl1p25_h9999_n0p5_m8,perp_gap,fade,0.5,0.1,1.25,1.25,9999,0.5,8,4,2,7,7,0,39.077488,9.769372,4.950387,7.135123
perp_gap_fade_e0p5_x0p1_tp1p25_sl2p5_h9999_n0p5_m2,perp_gap,fade,0.5,0.1,1.25,2.5,9999,0.5,2,4,2,7,7,0,39.077488,9.769372,4.950387,7.135123
perp_gap_fade_e0p5_x0p1_tp1p25_sl2p5_h9999_n0p5_m5,perp_gap,fade,0.5,0.1,1.25,2.5,9999,0.5,5,4,2,7,7,0,39.077488,9.769372,4.950387,7.135123
perp_gap_fade_e0p5_x0p1_tp1p25_sl2p5_h9999_n0p5_m8,perp_gap,fade,0.5,0.1,1.25,2.5,9999,0.5,8,4,2,7,7,0,39.077488,9.769372,4.950387,7.135123
perp_gap_fade_e0p35_x0p1_tp2_sl0p75_h9999_n0p35_m5,perp_gap,fade,0.35,0.1,2,0.75,9999,0.35,5,4,2,20,16,4,38.439339,9.609835,4.875655,14.134625
perp_gap_fade_e0p35_x0p1_tp2_sl0p75_h9999_n0p35_m8,perp_gap,fade,0.35,0.1,2,0.75,9999,0.35,8,4,2,20,16,4,38.439339,9.609835,4.875655,14.134625
perp_gap_fade_e0p35_x0p1_tp2_sl1p25_h9999_n0p35_m5,perp_gap,fade,0.35,0.1,2,1.25,9999,0.35,5,4,2,20,16,4,38.439339,9.609835,4.875655,14.134625
perp_gap_fade_e0p35_x0p1_tp2_sl1p25_h9999_n0p35_m8,perp_gap,fade,0.35,0.1,2,1.25,9999,0.35,8,4,2,20,16,4,38.439339,9.609835,4.875655,14.134625
perp_gap_fade_e0p35_x0p1_tp2_sl2p5_h9999_n0p35_m5,perp_gap,fade,0.35,0.1,2,2.5,9999,0.35,5,4,2,20,16,4,38.439339,9.609835,4.875655,14.134625
perp_gap_fade_e0p35_x0p1_tp2_sl2p5_h9999_n0p35_m8,perp_gap,fade,0.35,0.1,2,2.5,9999,0.35,8,4,2,20,16,4,38.439339,9.609835,4.875655,14.134625
perp_gap_fade_e0p35_x0p1_tp2_sl0p75_h9999_n0p35_m2,perp_gap,fade,0.35,0.1,2,0.75,9999,0.35,2,4,2,19,15,4,37.536843,9.384211,4.875655,13.521852
perp_gap_fade_e0p35_x0p1_tp2_sl1p25_h9999_n0p35_m2,perp_gap,fade,0.35,0.1,2,1.25,9999,0.35,2,4,2,19,15,4,37.536843,9.384211,4.875655,13.521852
perp_gap_fade_e0p35_x0p1_tp2_sl2p5_h9999_n0p35_m2,perp_gap,fade,0.35,0.1,2,2.5,9999,0.35,2,4,2,19,15,4,37.536843,9.384211,4.875655,13.521852
perp_gap_fade_e0p2_x0_tp0p75_sl0p75_h9999_n0p35_m5,perp_gap,fade,0.2,0,0.75,0.75,9999,0.35,5,4,2,33,19,14,36.641908,9.160477,11.641514,22.134088
perp_gap_fade_e0p2_x0_tp0p75_sl0p75_h9999_n0p35_m8,perp_gap,fade,0.2,0,0.75,0.75,9999,0.35,8,4,2,33,19,14,36.641908,9.160477,11.641514,22.134088
perp_gap_fade_e0p35_x0_tp2_sl1p25_h30_n0p35_m5,perp_gap,fade,0.35,0,2,1.25,30,0.35,5,4,2,29,18,11,36.617623,9.154406,8.46775,20.404459
perp_gap_fade_e0p35_x0_tp2_sl1p25_h30_n0p35_m8,perp_gap,fade,0.35,0,2,1.25,30,0.35,8,4,2,29,18,11,36.617623,9.154406,8.46775,20.404459
perp_gap_fade_e0p35_x0_tp2_sl2p5_h30_n0p35_m5,perp_gap,fade,0.35,0,2,2.5,30,0.35,5,4,2,29,18,11,36.617623,9.154406,8.46775,20.404459
perp_gap_fade_e0p35_x0_tp2_sl2p5_h30_n0p35_m8,perp_gap,fade,0.35,0,2,2.5,30,0.35,8,4,2,29,18,11,36.617623,9.154406,8.46775,20.404459
perp_gap_fade_e0p5_x0_tp0p75_sl1p25_h9999_n0p5_m2,perp_gap,fade,0.5,0,0.75,1.25,9999,0.5,2,4,2,7,7,0,36.465989,9.116497,4.950387,7.127205
perp_gap_fade_e0p5_x0_tp0p75_sl1p25_h9999_n0p5_m5,perp_gap,fade,0.5,0,0.75,1.25,9999,0.5,5,4,2,7,7,0,36.465989,9.116497,4.950387,7.127205
perp_gap_fade_e0p5_x0_tp0p75_sl1p25_h9999_n0p5_m8,perp_gap,fade,0.5,0,0.75,1.25,9999,0.5,8,4,2,7,7,0,36.465989,9.116497,4.950387,7.127205
perp_gap_fade_e0p5_x0_tp0p75_sl2p5_h9999_n0p5_m2,perp_gap,fade,0.5,0,0.75,2.5,9999,0.5,2,4,2,7,7,0,36.465989,9.116497,4.950387,7.127205
perp_gap_fade_e0p5_x0_tp0p75_sl2p5_h9999_n0p5_m5,perp_gap,fade,0.5,0,0.75,2.5,9999,0.5,5,4,2,7,7,0,36.465989,9.116497,4.950387,7.127205
perp_gap_fade_e0p5_x0_tp0p75_sl2p5_h9999_n0p5_m8,perp_gap,fade,0.5,0,0.75,2.5,9999,0.5,8,4,2,7,7,0,36.465989,9.116497,4.950387,7.127205
perp_gap_fade_e0p5_x0p1_tp0p75_sl1p25_h9999_n0p5_m2,perp_gap,fade,0.5,0.1,0.75,1.25,9999,0.5,2,4,2,7,7,0,36.178079,9.04452,4.950387,7.126429
perp_gap_fade_e0p5_x0p1_tp0p75_sl1p25_h9999_n0p5_m5,perp_gap,fade,0.5,0.1,0.75,1.25,9999,0.5,5,4,2,7,7,0,36.178079,9.04452,4.950387,7.126429
perp_gap_fade_e0p5_x0p1_tp0p75_sl1p25_h9999_n0p5_m8,perp_gap,fade,0.5,0.1,0.75,1.25,9999,0.5,8,4,2,7,7,0,36.178079,9.04452,4.950387,7.126429
perp_gap_fade_e0p5_x0p1_tp0p75_sl2p5_h9999_n0p5_m2,perp_gap,fade,0.5,0.1,0.75,2.5,9999,0.5,2,4,2,7,7,0,36.178079,9.04452,4.950387,7.126429
perp_gap_fade_e0p5_x0p1_tp0p75_sl2p5_h9999_n0p5_m5,perp_gap,fade,0.5,0.1,0.75,2.5,9999,0.5,5,4,2,7,7,0,36.178079,9.04452,4.950387,7.126429
perp_gap_fade_e0p5_x0p1_tp0p75_sl2p5_h9999_n0p5_m8,perp_gap,fade,0.5,0.1,0.75,2.5,9999,0.5,8,4,2,7,7,0,36.178079,9.04452,4.950387,7.126429
perp_gap_fade_e0p5_x0p1_tp2_sl1p25_h9999_n0p5_m2,perp_gap,fade,0.5,0.1,2,1.25,9999,0.5,2,4,2,7,7,0,35.855374,8.963843,7.307065,7.126165
perp_gap_fade_e0p5_x0p1_tp2_sl1p25_h9999_n0p5_m5,perp_gap,fade,0.5,0.1,2,1.25,9999,0.5,5,4,2,7,7,0,35.855374,8.963843,7.307065,7.126165
perp_gap_fade_e0p5_x0p1_tp2_sl1p25_h9999_n0p5_m8,perp_gap,fade,0.5,0.1,2,1.25,9999,0.5,8,4,2,7,7,0,35.855374,8.963843,7.307065,7.126165
perp_gap_fade_e0p5_x0p1_tp2_sl2p5_h9999_n0p5_m2,perp_gap,fade,0.5,0.1,2,2.5,9999,0.5,2,4,2,7,7,0,35.855374,8.963843,7.307065,7.126165
perp_gap_fade_e0p5_x0p1_tp2_sl2p5_h9999_n0p5_m5,perp_gap,fade,0.5,0.1,2,2.5,9999,0.5,5,4,2,7,7,0,35.855374,8.963843,7.307065,7.126165
perp_gap_fade_e0p5_x0p1_tp2_sl2p5_h9999_n0p5_m8,perp_gap,fade,0.5,0.1,2,2.5,9999,0.5,8,4,2,7,7,0,35.855374,8.963843,7.307065,7.126165
perp_gap_fade_e0p35_x0_tp2_sl0p75_h30_n0p35_m5,perp_gap,fade,0.35,0,2,0.75,30,0.35,5,4,2,29,18,11,35.810701,8.952675,9.271964,20.399214
perp_gap_fade_e0p35_x0_tp2_sl0p75_h30_n0p35_m8,perp_gap,fade,0.35,0,2,0.75,30,0.35,8,4,2,29,18,11,35.810701,8.952675,9.271964,20.399214
perp_gap_fade_e0p35_x0_tp1p25_sl1p25_h9999_n0p5_m2,perp_gap,fade,0.35,0,1.25,1.25,9999,0.5,2,4,2,9,7,2,35.65828,8.91457,5.96686,9.138367
perp_gap_fade_e0p35_x0_tp1p25_sl1p25_h9999_n0p5_m5,perp_gap,fade,0.35,0,1.25,1.25,9999,0.5,5,4,2,9,7,2,35.65828,8.91457,5.96686,9.138367
perp_gap_fade_e0p35_x0_tp1p25_sl1p25_h9999_n0p5_m8,perp_gap,fade,0.35,0,1.25,1.25,9999,0.5,8,4,2,9,7,2,35.65828,8.91457,5.96686,9.138367
perp_gap_fade_e0p35_x0_tp1p25_sl2p5_h9999_n0p5_m2,perp_gap,fade,0.35,0,1.25,2.5,9999,0.5,2,4,2,9,7,2,35.65828,8.91457,5.96686,9.138367
perp_gap_fade_e0p35_x0_tp1p25_sl2p5_h9999_n0p5_m5,perp_gap,fade,0.35,0,1.25,2.5,9999,0.5,5,4,2,9,7,2,35.65828,8.91457,5.96686,9.138367
perp_gap_fade_e0p35_x0_tp1p25_sl2p5_h9999_n0p5_m8,perp_gap,fade,0.35,0,1.25,2.5,9999,0.5,8,4,2,9,7,2,35.65828,8.91457,5.96686,9.138367
perp_gap_fade_e0p35_x0p1_tp2_sl0p75_h9999_n0p5_m2,perp_gap,fade,0.35,0.1,2,0.75,9999,0.5,2,4,2,14,10,4,35.368837,8.842209,5.955443,14.234379
perp_gap_fade_e0p35_x0p1_tp2_sl0p75_h9999_n0p5_m5,perp_gap,fade,0.35,0.1,2,0.75,9999,0.5,5,4,2,14,10,4,35.368837,8.842209,5.955443,14.234379
perp_gap_fade_e0p35_x0p1_tp2_sl0p75_h9999_n0p5_m8,perp_gap,fade,0.35,0.1,2,0.75,9999,0.5,8,4,2,14,10,4,35.368837,8.842209,5.955443,14.234379
perp_gap_fade_e0p35_x0p1_tp2_sl1p25_h9999_n0p5_m2,perp_gap,fade,0.35,0.1,2,1.25,9999,0.5,2,4,2,14,10,4,35.368837,8.842209,5.955443,14.234379
perp_gap_fade_e0p35_x0p1_tp2_sl1p25_h9999_n0p5_m5,perp_gap,fade,0.35,0.1,2,1.25,9999,0.5,5,4,2,14,10,4,35.368837,8.842209,5.955443,14.234379
perp_gap_fade_e0p35_x0p1_tp2_sl1p25_h9999_n0p5_m8,perp_gap,fade,0.35,0.1,2,1.25,9999,0.5,8,4,2,14,10,4,35.368837,8.842209,5.955443,14.234379
perp_gap_fade_e0p35_x0p1_tp2_sl2p5_h9999_n0p5_m2,perp_gap,fade,0.35,0.1,2,2.5,9999,0.5,2,4,2,14,10,4,35.368837,8.842209,5.955443,14.234379
perp_gap_fade_e0p35_x0p1_tp2_sl2p5_h9999_n0p5_m5,perp_gap,fade,0.35,0.1,2,2.5,9999,0.5,5,4,2,14,10,4,35.368837,8.842209,5.955443,14.234379
perp_gap_fade_e0p35_x0p1_tp2_sl2p5_h9999_n0p5_m8,perp_gap,fade,0.35,0.1,2,2.5,9999,0.5,8,4,2,14,10,4,35.368837,8.842209,5.955443,14.234379
perp_gap_fade_e0p2_x0_tp2_sl1p25_h9999_n0p2_m5,perp_gap,fade,0.2,0,2,1.25,9999,0.2,5,4,2,35,17,18,35.314103,8.828526,8.750231,14.175535
perp_gap_fade_e0p35_x0_tp1p25_sl1p25_h9999_n0p35_m2,perp_gap,fade,0.35,0,1.25,1.25,9999,0.35,2,4,2,15,10,5,35.174344,8.793586,5.402753,10.662065
perp_gap_fade_e0p35_x0_tp1p25_sl1p25_h9999_n0p35_m5,perp_gap,fade,0.35,0,1.25,1.25,9999,0.35,5,4,2,15,10,5,35.174344,8.793586,5.402753,10.662065
perp_gap_fade_e0p35_x0_tp1p25_sl1p25_h9999_n0p35_m8,perp_gap,fade,0.35,0,1.25,1.25,9999,0.35,8,4,2,15,10,5,35.174344,8.793586,5.402753,10.662065
perp_gap_fade_e0p35_x0_tp1p25_sl2p5_h9999_n0p35_m2,perp_gap,fade,0.35,0,1.25,2.5,9999,0.35,2,4,2,15,10,5,35.174344,8.793586,5.402753,10.662065
perp_gap_fade_e0p35_x0_tp1p25_sl2p5_h9999_n0p35_m5,perp_gap,fade,0.35,0,1.25,2.5,9999,0.35,5,4,2,15,10,5,35.174344,8.793586,5.402753,10.662065
perp_gap_fade_e0p35_x0_tp1p25_sl2p5_h9999_n0p35_m8,perp_gap,fade,0.35,0,1.25,2.5,9999,0.35,8,4,2,15,10,5,35.174344,8.793586,5.402753,10.662065
perp_gap_fade_e0p2_x0_tp2_sl1p25_h9999_n0p2_m8,perp_gap,fade,0.2,0,2,1.25,9999,0.2,8,4,2,38,19,19,35.173888,8.793472,8.750231,14.199868
perp_gap_fade_e0p35_x0_tp2_sl1p25_h30_n0p35_m2,perp_gap,fade,0.35,0,2,1.25,30,0.35,2,4,2,28,17,11,34.59897,8.649743,8.166683,19.796866
perp_gap_fade_e0p35_x0_tp2_sl2p5_h30_n0p35_m2,perp_gap,fade,0.35,0,2,2.5,30,0.35,2,4,2,28,17,11,34.59897,8.649743,8.166683,19.796866
perp_gap_fade_e0p5_x0_tp2_sl0p75_h30_n0p5_m2,perp_gap,fade,0.5,0,2,0.75,30,0.5,2,4,2,8,7,1,34.593412,8.648353,3.41274,8.136531
perp_gap_fade_e0p5_x0_tp2_sl0p75_h30_n0p5_m5,perp_gap,fade,0.5,0,2,0.75,30,0.5,5,4,2,8,7,1,34.593412,8.648353,3.41274,8.136531
perp_gap_fade_e0p5_x0_tp2_sl0p75_h30_n0p5_m8,perp_gap,fade,0.5,0,2,0.75,30,0.5,8,4,2,8,7,1,34.593412,8.648353,3.41274,8.136531
perp_gap_fade_e0p5_x0_tp2_sl1p25_h30_n0p5_m2,perp_gap,fade,0.5,0,2,1.25,30,0.5,2,4,2,8,7,1,34.593412,8.648353,3.41274,8.136531
perp_gap_fade_e0p5_x0_tp2_sl1p25_h30_n0p5_m5,perp_gap,fade,0.5,0,2,1.25,30,0.5,5,4,2,8,7,1,34.593412,8.648353,3.41274,8.136531
perp_gap_fade_e0p5_x0_tp2_sl1p25_h30_n0p5_m8,perp_gap,fade,0.5,0,2,1.25,30,0.5,8,4,2,8,7,1,34.593412,8.648353,3.41274,8.136531
perp_gap_fade_e0p5_x0_tp2_sl2p5_h30_n0p5_m2,perp_gap,fade,0.5,0,2,2.5,30,0.5,2,4,2,8,7,1,34.593412,8.648353,3.41274,8.136531
perp_gap_fade_e0p5_x0_tp2_sl2p5_h30_n0p5_m5,perp_gap,fade,0.5,0,2,2.5,30,0.5,5,4,2,8,7,1,34.593412,8.648353,3.41274,8.136531
perp_gap_fade_e0p5_x0_tp2_sl2p5_h30_n0p5_m8,perp_gap,fade,0.5,0,2,2.5,30,0.5,8,4,2,8,7,1,34.593412,8.648353,3.41274,8.136531
perp_gap_fade_e0p35_x0_tp1p25_sl0p75_h9999_n0p5_m2,perp_gap,fade,0.35,0,1.25,0.75,9999,0.5,2,4,2,9,7,2,34.027268,8.506817,6.979489,9.133898
perp_gap_fade_e0p35_x0_tp1p25_sl0p75_h9999_n0p5_m5,perp_gap,fade,0.35,0,1.25,0.75,9999,0.5,5,4,2,9,7,2,34.027268,8.506817,6.979489,9.133898
perp_gap_fade_e0p35_x0_tp1p25_sl0p75_h9999_n0p5_m8,perp_gap,fade,0.35,0,1.25,0.75,9999,0.5,8,4,2,9,7,2,34.027268,8.506817,6.979489,9.133898
perp_gap_fade_e0p35_x0_tp2_sl0p75_h30_n0p35_m2,perp_gap,fade,0.35,0,2,0.75,30,0.35,2,4,2,28,17,11,33.793663,8.448416,8.971137,19.792107
perp_gap_fade_e0p35_x0_tp0p75_sl1p25_h9999_n0p5_m2,perp_gap,fade,0.35,0,0.75,1.25,9999,0.5,2,4,2,11,8,3,32.241949,8.060487,9.163674,11.173912
perp_gap_fade_e0p35_x0_tp0p75_sl1p25_h9999_n0p5_m5,perp_gap,fade,0.35,0,0.75,1.25,9999,0.5,5,4,2,11,8,3,32.241949,8.060487,9.163674,11.173912
perp_gap_fade_e0p35_x0_tp0p75_sl1p25_h9999_n0p5_m8,perp_gap,fade,0.35,0,0.75,1.25,9999,0.5,8,4,2,11,8,3,32.241949,8.060487,9.163674,11.173912
perp_gap_fade_e0p35_x0_tp0p75_sl2p5_h9999_n0p5_m2,perp_gap,fade,0.35,0,0.75,2.5,9999,0.5,2,4,2,11,8,3,32.241949,8.060487,9.163674,11.173912
perp_gap_fade_e0p35_x0_tp0p75_sl2p5_h9999_n0p5_m5,perp_gap,fade,0.35,0,0.75,2.5,9999,0.5,5,4,2,11,8,3,32.241949,8.060487,9.163674,11.173912
perp_gap_fade_e0p35_x0_tp0p75_sl2p5_h9999_n0p5_m8,perp_gap,fade,0.35,0,0.75,2.5,9999,0.5,8,4,2,11,8,3,32.241949,8.060487,9.163674,11.173912
perp_gap_fade_e0p2_x0_tp2_sl2p5_h9999_n0p2_m8,perp_gap,fade,0.2,0,2,2.5,9999,0.2,8,4,2,32,16,16,31.965152,7.991288,8.750231,12.168884
perp_gap_fade_e0p35_x0_tp1p25_sl0p75_h9999_n0p35_m2,perp_gap,fade,0.35,0,1.25,0.75,9999,0.35,2,4,2,16,10,6,31.159854,7.789964,7.026736,11.368434
perp_gap_fade_e0p35_x0_tp1p25_sl0p75_h9999_n0p35_m5,perp_gap,fade,0.35,0,1.25,0.75,9999,0.35,5,4,2,16,10,6,31.159854,7.789964,7.026736,11.368434
perp_gap_fade_e0p35_x0_tp1p25_sl0p75_h9999_n0p35_m8,perp_gap,fade,0.35,0,1.25,0.75,9999,0.35,8,4,2,16,10,6,31.159854,7.789964,7.026736,11.368434
perp_gap_fade_e0p2_x0_tp2_sl0p75_h9999_n0p35_m5,perp_gap,fade,0.2,0,2,0.75,9999,0.35,5,4,2,26,13,13,31.097662,7.774415,10.873,17.118136
perp_gap_fade_e0p2_x0_tp2_sl0p75_h9999_n0p35_m8,perp_gap,fade,0.2,0,2,0.75,9999,0.35,8,4,2,26,13,13,31.097662,7.774415,10.873,17.118136
perp_gap_fade_e0p5_x0_tp2_sl0p75_h9999_n0p5_m2,perp_gap,fade,0.5,0,2,0.75,9999,0.5,2,4,2,7,6,1,30.993226,7.748306,8.34704,7.101309
perp_gap_fade_e0p5_x0_tp2_sl0p75_h9999_n0p5_m5,perp_gap,fade,0.5,0,2,0.75,9999,0.5,5,4,2,7,6,1,30.993226,7.748306,8.34704,7.101309
perp_gap_fade_e0p5_x0_tp2_sl0p75_h9999_n0p5_m8,perp_gap,fade,0.5,0,2,0.75,9999,0.5,8,4,2,7,6,1,30.993226,7.748306,8.34704,7.101309
perp_gap_fade_e0p5_x0p1_tp2_sl0p75_h30_n0p5_m2,perp_gap,fade,0.5,0.1,2,0.75,30,0.5,2,4,2,8,7,1,30.879177,7.719794,2.776511,8.135138
perp_gap_fade_e0p5_x0p1_tp2_sl0p75_h30_n0p5_m5,perp_gap,fade,0.5,0.1,2,0.75,30,0.5,5,4,2,8,7,1,30.879177,7.719794,2.776511,8.135138
perp_gap_fade_e0p5_x0p1_tp2_sl0p75_h30_n0p5_m8,perp_gap,fade,0.5,0.1,2,0.75,30,0.5,8,4,2,8,7,1,30.879177,7.719794,2.776511,8.135138
perp_gap_fade_e0p5_x0p1_tp2_sl1p25_h30_n0p5_m2,perp_gap,fade,0.5,0.1,2,1.25,30,0.5,2,4,2,8,7,1,30.879177,7.719794,2.776511,8.135138
perp_gap_fade_e0p5_x0p1_tp2_sl1p25_h30_n0p5_m5,perp_gap,fade,0.5,0.1,2,1.25,30,0.5,5,4,2,8,7,1,30.879177,7.719794,2.776511,8.135138
perp_gap_fade_e0p5_x0p1_tp2_sl1p25_h30_n0p5_m8,perp_gap,fade,0.5,0.1,2,1.25,30,0.5,8,4,2,8,7,1,30.879177,7.719794,2.776511,8.135138
perp_gap_fade_e0p5_x0p1_tp2_sl2p5_h30_n0p5_m2,perp_gap,fade,0.5,0.1,2,2.5,30,0.5,2,4,2,8,7,1,30.879177,7.719794,2.776511,8.135138
perp_gap_fade_e0p5_x0p1_tp2_sl2p5_h30_n0p5_m5,perp_gap,fade,0.5,0.1,2,2.5,30,0.5,5,4,2,8,7,1,30.879177,7.719794,2.776511,8.135138
perp_gap_fade_e0p5_x0p1_tp2_sl2p5_h30_n0p5_m8,perp_gap,fade,0.5,0.1,2,2.5,30,0.5,8,4,2,8,7,1,30.879177,7.719794,2.776511,8.135138
perp_gap_fade_e0p5_x0_tp2_sl0p75_h15_n0p5_m2,perp_gap,fade,0.5,0,2,0.75,15,0.5,2,4,2,9,6,3,30.708184,7.677046,4.297134,9.124649
perp_gap_fade_e0p5_x0_tp2_sl0p75_h15_n0p5_m5,perp_gap,fade,0.5,0,2,0.75,15,0.5,5,4,2,9,6,3,30.708184,7.677046,4.297134,9.124649
perp_gap_fade_e0p5_x0_tp2_sl0p75_h15_n0p5_m8,perp_gap,fade,0.5,0,2,0.75,15,0.5,8,4,2,9,6,3,30.708184,7.677046,4.297134,9.124649
perp_gap_fade_e0p5_x0_tp2_sl1p25_h15_n0p5_m2,perp_gap,fade,0.5,0,2,1.25,15,0.5,2,4,2,9,6,3,30.708184,7.677046,4.297134,9.124649
perp_gap_fade_e0p5_x0_tp2_sl1p25_h15_n0p5_m5,perp_gap,fade,0.5,0,2,1.25,15,0.5,5,4,2,9,6,3,30.708184,7.677046,4.297134,9.124649
perp_gap_fade_e0p5_x0_tp2_sl1p25_h15_n0p5_m8,perp_gap,fade,0.5,0,2,1.25,15,0.5,8,4,2,9,6,3,30.708184,7.677046,4.297134,9.124649
perp_gap_fade_e0p5_x0_tp2_sl2p5_h15_n0p5_m2,perp_gap,fade,0.5,0,2,2.5,15,0.5,2,4,2,9,6,3,30.708184,7.677046,4.297134,9.124649
perp_gap_fade_e0p5_x0_tp2_sl2p5_h15_n0p5_m5,perp_gap,fade,0.5,0,2,2.5,15,0.5,5,4,2,9,6,3,30.708184,7.677046,4.297134,9.124649
perp_gap_fade_e0p5_x0_tp2_sl2p5_h15_n0p5_m8,perp_gap,fade,0.5,0,2,2.5,15,0.5,8,4,2,9,6,3,30.708184,7.677046,4.297134,9.124649
perp_gap_fade_e0p5_x0_tp0p75_sl0p75_h30_n0p5_m2,perp_gap,fade,0.5,0,0.75,0.75,30,0.5,2,4,2,8,7,1,30.668336,7.667084,2.774598,8.132602
perp_gap_fade_e0p5_x0_tp0p75_sl0p75_h30_n0p5_m5,perp_gap,fade,0.5,0,0.75,0.75,30,0.5,5,4,2,8,7,1,30.668336,7.667084,2.774598,8.132602
perp_gap_fade_e0p5_x0_tp0p75_sl0p75_h30_n0p5_m8,perp_gap,fade,0.5,0,0.75,0.75,30,0.5,8,4,2,8,7,1,30.668336,7.667084,2.774598,8.132602
perp_gap_fade_e0p5_x0_tp0p75_sl1p25_h30_n0p5_m2,perp_gap,fade,0.5,0,0.75,1.25,30,0.5,2,4,2,8,7,1,30.668336,7.667084,2.774598,8.132602
perp_gap_fade_e0p5_x0_tp0p75_sl1p25_h30_n0p5_m5,perp_gap,fade,0.5,0,0.75,1.25,30,0.5,5,4,2,8,7,1,30.668336,7.667084,2.774598,8.132602
perp_gap_fade_e0p5_x0_tp0p75_sl1p25_h30_n0p5_m8,perp_gap,fade,0.5,0,0.75,1.25,30,0.5,8,4,2,8,7,1,30.668336,7.667084,2.774598,8.132602
perp_gap_fade_e0p5_x0_tp0p75_sl2p5_h30_n0p5_m2,perp_gap,fade,0.5,0,0.75,2.5,30,0.5,2,4,2,8,7,1,30.668336,7.667084,2.774598,8.132602
perp_gap_fade_e0p5_x0_tp0p75_sl2p5_h30_n0p5_m5,perp_gap,fade,0.5,0,0.75,2.5,30,0.5,5,4,2,8,7,1,30.668336,7.667084,2.774598,8.132602
perp_gap_fade_e0p5_x0_tp0p75_sl2p5_h30_n0p5_m8,perp_gap,fade,0.5,0,0.75,2.5,30,0.5,8,4,2,8,7,1,30.668336,7.667084,2.774598,8.132602
perp_gap_fade_e0p5_x0_tp1p25_sl0p75_h30_n0p5_m2,perp_gap,fade,0.5,0,1.25,0.75,30,0.5,2,4,2,8,7,1,30.668336,7.667084,2.774598,8.132602
perp_gap_fade_e0p5_x0_tp1p25_sl0p75_h30_n0p5_m5,perp_gap,fade,0.5,0,1.25,0.75,30,0.5,5,4,2,8,7,1,30.668336,7.667084,2.774598,8.132602
perp_gap_fade_e0p5_x0_tp1p25_sl0p75_h30_n0p5_m8,perp_gap,fade,0.5,0,1.25,0.75,30,0.5,8,4,2,8,7,1,30.668336,7.667084,2.774598,8.132602
perp_gap_fade_e0p5_x0_tp1p25_sl1p25_h30_n0p5_m2,perp_gap,fade,0.5,0,1.25,1.25,30,0.5,2,4,2,8,7,1,30.668336,7.667084,2.774598,8.132602
perp_gap_fade_e0p5_x0_tp1p25_sl1p25_h30_n0p5_m5,perp_gap,fade,0.5,0,1.25,1.25,30,0.5,5,4,2,8,7,1,30.668336,7.667084,2.774598,8.132602
perp_gap_fade_e0p5_x0_tp1p25_sl1p25_h30_n0p5_m8,perp_gap,fade,0.5,0,1.25,1.25,30,0.5,8,4,2,8,7,1,30.668336,7.667084,2.774598,8.132602
perp_gap_fade_e0p5_x0_tp1p25_sl2p5_h30_n0p5_m2,perp_gap,fade,0.5,0,1.25,2.5,30,0.5,2,4,2,8,7,1,30.668336,7.667084,2.774598,8.132602
perp_gap_fade_e0p5_x0_tp1p25_sl2p5_h30_n0p5_m5,perp_gap,fade,0.5,0,1.25,2.5,30,0.5,5,4,2,8,7,1,30.668336,7.667084,2.774598,8.132602
perp_gap_fade_e0p5_x0_tp1p25_sl2p5_h30_n0p5_m8,perp_gap,fade,0.5,0,1.25,2.5,30,0.5,8,4,2,8,7,1,30.668336,7.667084,2.774598,8.132602
perp_gap_fade_e0p35_x0_tp0p75_sl0p75_h9999_n0p5_m2,perp_gap,fade,0.35,0,0.75,0.75,9999,0.5,2,4,2,11,8,3,30.612247,7.653062,10.175489,11.169447
perp_gap_fade_e0p35_x0_tp0p75_sl0p75_h9999_n0p5_m5,perp_gap,fade,0.35,0,0.75,0.75,9999,0.5,5,4,2,11,8,3,30.612247,7.653062,10.175489,11.169447
perp_gap_fade_e0p35_x0_tp0p75_sl0p75_h9999_n0p5_m8,perp_gap,fade,0.35,0,0.75,0.75,9999,0.5,8,4,2,11,8,3,30.612247,7.653062,10.175489,11.169447
perp_gap_fade_e0p2_x0_tp1p25_sl1p25_h9999_n0p2_m5,perp_gap,fade,0.2,0,1.25,1.25,9999,0.2,5,4,2,45,23,22,30.49419,7.623547,7.10795,18.217092
perp_gap_fade_e0p5_x0p1_tp0p75_sl0p75_h30_n0p5_m2,perp_gap,fade,0.5,0.1,0.75,0.75,30,0.5,2,4,2,8,7,1,30.176487,7.544122,2.774598,8.131622
perp_gap_fade_e0p5_x0p1_tp0p75_sl0p75_h30_n0p5_m5,perp_gap,fade,0.5,0.1,0.75,0.75,30,0.5,5,4,2,8,7,1,30.176487,7.544122,2.774598,8.131622
perp_gap_fade_e0p5_x0p1_tp0p75_sl0p75_h30_n0p5_m8,perp_gap,fade,0.5,0.1,0.75,0.75,30,0.5,8,4,2,8,7,1,30.176487,7.544122,2.774598,8.131622
perp_gap_fade_e0p5_x0p1_tp0p75_sl1p25_h30_n0p5_m2,perp_gap,fade,0.5,0.1,0.75,1.25,30,0.5,2,4,2,8,7,1,30.176487,7.544122,2.774598,8.131622
perp_gap_fade_e0p5_x0p1_tp0p75_sl1p25_h30_n0p5_m5,perp_gap,fade,0.5,0.1,0.75,1.25,30,0.5,5,4,2,8,7,1,30.176487,7.544122,2.774598,8.131622
perp_gap_fade_e0p5_x0p1_tp0p75_sl1p25_h30_n0p5_m8,perp_gap,fade,0.5,0.1,0.75,1.25,30,0.5,8,4,2,8,7,1,30.176487,7.544122,2.774598,8.131622
perp_gap_fade_e0p5_x0p1_tp0p75_sl2p5_h30_n0p5_m2,perp_gap,fade,0.5,0.1,0.75,2.5,30,0.5,2,4,2,8,7,1,30.176487,7.544122,2.774598,8.131622
perp_gap_fade_e0p5_x0p1_tp0p75_sl2p5_h30_n0p5_m5,perp_gap,fade,0.5,0.1,0.75,2.5,30,0.5,5,4,2,8,7,1,30.176487,7.544122,2.774598,8.131622
perp_gap_fade_e0p5_x0p1_tp0p75_sl2p5_h30_n0p5_m8,perp_gap,fade,0.5,0.1,0.75,2.5,30,0.5,8,4,2,8,7,1,30.176487,7.544122,2.774598,8.131622
perp_gap_fade_e0p5_x0p1_tp1p25_sl0p75_h30_n0p5_m2,perp_gap,fade,0.5,0.1,1.25,0.75,30,0.5,2,4,2,8,7,1,30.176487,7.544122,2.774598,8.131622
perp_gap_fade_e0p5_x0p1_tp1p25_sl0p75_h30_n0p5_m5,perp_gap,fade,0.5,0.1,1.25,0.75,30,0.5,5,4,2,8,7,1,30.176487,7.544122,2.774598,8.131622
perp_gap_fade_e0p5_x0p1_tp1p25_sl0p75_h30_n0p5_m8,perp_gap,fade,0.5,0.1,1.25,0.75,30,0.5,8,4,2,8,7,1,30.176487,7.544122,2.774598,8.131622
perp_gap_fade_e0p5_x0p1_tp1p25_sl1p25_h30_n0p5_m2,perp_gap,fade,0.5,0.1,1.25,1.25,30,0.5,2,4,2,8,7,1,30.176487,7.544122,2.774598,8.131622
perp_gap_fade_e0p5_x0p1_tp1p25_sl1p25_h30_n0p5_m5,perp_gap,fade,0.5,0.1,1.25,1.25,30,0.5,5,4,2,8,7,1,30.176487,7.544122,2.774598,8.131622
perp_gap_fade_e0p5_x0p1_tp1p25_sl1p25_h30_n0p5_m8,perp_gap,fade,0.5,0.1,1.25,1.25,30,0.5,8,4,2,8,7,1,30.176487,7.544122,2.774598,8.131622
perp_gap_fade_e0p5_x0p1_tp1p25_sl2p5_h30_n0p5_m2,perp_gap,fade,0.5,0.1,1.25,2.5,30,0.5,2,4,2,8,7,1,30.176487,7.544122,2.774598,8.131622
perp_gap_fade_e0p5_x0p1_tp1p25_sl2p5_h30_n0p5_m5,perp_gap,fade,0.5,0.1,1.25,2.5,30,0.5,5,4,2,8,7,1,30.176487,7.544122,2.774598,8.131622
perp_gap_fade_e0p5_x0p1_tp1p25_sl2p5_h30_n0p5_m8,perp_gap,fade,0.5,0.1,1.25,2.5,30,0.5,8,4,2,8,7,1,30.176487,7.544122,2.774598,8.131622
perp_gap_fade_e0p2_x0_tp2_sl2p5_h9999_n0p2_m5,perp_gap,fade,0.2,0,2,2.5,9999,0.2,5,4,2,30,15,15,30.14931,7.537327,8.825102,12.133108
perp_gap_fade_e0p35_x0_tp2_sl1p25_h30_n0p5_m2,perp_gap,fade,0.35,0,2,1.25,30,0.5,2,4,2,22,12,10,29.905532,7.476383,12.03394,22.178259
perp_gap_fade_e0p35_x0_tp2_sl1p25_h30_n0p5_m5,perp_gap,fade,0.35,0,2,1.25,30,0.5,5,4,2,22,12,10,29.905532,7.476383,12.03394,22.178259
perp_gap_fade_e0p35_x0_tp2_sl1p25_h30_n0p5_m8,perp_gap,fade,0.35,0,2,1.25,30,0.5,8,4,2,22,12,10,29.905532,7.476383,12.03394,22.178259
perp_gap_fade_e0p35_x0_tp2_sl2p5_h30_n0p5_m2,perp_gap,fade,0.35,0,2,2.5,30,0.5,2,4,2,22,12,10,29.905532,7.476383,12.03394,22.178259
perp_gap_fade_e0p35_x0_tp2_sl2p5_h30_n0p5_m5,perp_gap,fade,0.35,0,2,2.5,30,0.5,5,4,2,22,12,10,29.905532,7.476383,12.03394,22.178259
perp_gap_fade_e0p35_x0_tp2_sl2p5_h30_n0p5_m8,perp_gap,fade,0.35,0,2,2.5,30,0.5,8,4,2,22,12,10,29.905532,7.476383,12.03394,22.178259
perp_gap_fade_e0p35_x0_tp0p75_sl1p25_h9999_n0p35_m2,perp_gap,fade,0.35,0,0.75,1.25,9999,0.35,2,4,2,15,10,5,29.873668,7.468417,5.976018,10.64745
perp_gap_fade_e0p35_x0_tp0p75_sl1p25_h9999_n0p35_m5,perp_gap,fade,0.35,0,0.75,1.25,9999,0.35,5,4,2,15,10,5,29.873668,7.468417,5.976018,10.64745
perp_gap_fade_e0p35_x0_tp0p75_sl1p25_h9999_n0p35_m8,perp_gap,fade,0.35,0,0.75,1.25,9999,0.35,8,4,2,15,10,5,29.873668,7.468417,5.976018,10.64745
perp_gap_fade_e0p35_x0_tp0p75_sl2p5_h9999_n0p35_m2,perp_gap,fade,0.35,0,0.75,2.5,9999,0.35,2,4,2,15,10,5,29.873668,7.468417,5.976018,10.64745
perp_gap_fade_e0p35_x0_tp0p75_sl2p5_h9999_n0p35_m5,perp_gap,fade,0.35,0,0.75,2.5,9999,0.35,5,4,2,15,10,5,29.873668,7.468417,5.976018,10.64745
perp_gap_fade_e0p35_x0_tp0p75_sl2p5_h9999_n0p35_m8,perp_gap,fade,0.35,0,0.75,2.5,9999,0.35,8,4,2,15,10,5,29.873668,7.468417,5.976018,10.64745
perp_gap_fade_e0p35_x0_tp0p75_sl0p75_h9999_n0p35_m5,perp_gap,fade,0.35,0,0.75,0.75,9999,0.35,5,4,2,18,12,6,29.242243,7.310561,6.753358,12.674118
perp_gap_fade_e0p35_x0_tp0p75_sl0p75_h9999_n0p35_m8,perp_gap,fade,0.35,0,0.75,0.75,9999,0.35,8,4,2,18,12,6,29.242243,7.310561,6.753358,12.674118
perp_gap_fade_e0p5_x0p1_tp2_sl0p75_h9999_n0p5_m2,perp_gap,fade,0.5,0.1,2,0.75,9999,0.5,2,4,2,7,6,1,29.116622,7.279155,6.081145,7.10596
perp_gap_fade_e0p5_x0p1_tp2_sl0p75_h9999_n0p5_m5,perp_gap,fade,0.5,0.1,2,0.75,9999,0.5,5,4,2,7,6,1,29.116622,7.279155,6.081145,7.10596
perp_gap_fade_e0p5_x0p1_tp2_sl0p75_h9999_n0p5_m8,perp_gap,fade,0.5,0.1,2,0.75,9999,0.5,8,4,2,7,6,1,29.116622,7.279155,6.081145,7.10596
perp_gap_fade_e0p2_x0_tp0p75_sl2p5_h9999_n0p2_m8,perp_gap,fade,0.2,0,0.75,2.5,9999,0.2,8,4,2,43,27,16,29.000171,7.250043,7.531184,15.806376
perp_gap_fade_e0p35_x0p1_tp1p25_sl0p75_h9999_n0p35_m5,perp_gap,fade,0.35,0.1,1.25,0.75,9999,0.35,5,4,2,21,16,5,28.840796,7.210199,7.639724,14.80522
perp_gap_fade_e0p35_x0p1_tp1p25_sl0p75_h9999_n0p35_m8,perp_gap,fade,0.35,0.1,1.25,0.75,9999,0.35,8,4,2,21,16,5,28.840796,7.210199,7.639724,14.80522
perp_gap_fade_e0p35_x0p1_tp1p25_sl1p25_h9999_n0p35_m5,perp_gap,fade,0.35,0.1,1.25,1.25,9999,0.35,5,4,2,21,16,5,28.840796,7.210199,7.639724,14.80522
perp_gap_fade_e0p35_x0p1_tp1p25_sl1p25_h9999_n0p35_m8,perp_gap,fade,0.35,0.1,1.25,1.25,9999,0.35,8,4,2,21,16,5,28.840796,7.210199,7.639724,14.80522
perp_gap_fade_e0p35_x0p1_tp1p25_sl2p5_h9999_n0p35_m5,perp_gap,fade,0.35,0.1,1.25,2.5,9999,0.35,5,4,2,21,16,5,28.840796,7.210199,7.639724,14.80522
perp_gap_fade_e0p35_x0p1_tp1p25_sl2p5_h9999_n0p35_m8,perp_gap,fade,0.35,0.1,1.25,2.5,9999,0.35,8,4,2,21,16,5,28.840796,7.210199,7.639724,14.80522
perp_gap_fade_e0p35_x0_tp2_sl0p75_h30_n0p5_m2,perp_gap,fade,0.35,0,2,0.75,30,0.5,2,4,2,22,12,10,28.758978,7.189745,13.179555,22.172516
perp_gap_fade_e0p35_x0_tp2_sl0p75_h30_n0p5_m5,perp_gap,fade,0.35,0,2,0.75,30,0.5,5,4,2,22,12,10,28.758978,7.189745,13.179555,22.172516
perp_gap_fade_e0p35_x0_tp2_sl0p75_h30_n0p5_m8,perp_gap,fade,0.35,0,2,0.75,30,0.5,8,4,2,22,12,10,28.758978,7.189745,13.179555,22.172516
perp_gap_fade_e0p5_x0_tp0p75_sl0p75_h9999_n0p5_m2,perp_gap,fade,0.5,0,0.75,0.75,9999,0.5,2,4,2,7,6,1,28.7046,7.17615,6.076957,7.10393
perp_gap_fade_e0p5_x0_tp0p75_sl0p75_h9999_n0p5_m5,perp_gap,fade,0.5,0,0.75,0.75,9999,0.5,5,4,2,7,6,1,28.7046,7.17615,6.076957,7.10393
perp_gap_fade_e0p5_x0_tp0p75_sl0p75_h9999_n0p5_m8,perp_gap,fade,0.5,0,0.75,0.75,9999,0.5,8,4,2,7,6,1,28.7046,7.17615,6.076957,7.10393
perp_gap_fade_e0p5_x0_tp1p25_sl0p75_h9999_n0p5_m2,perp_gap,fade,0.5,0,1.25,0.75,9999,0.5,2,4,2,7,6,1,28.7046,7.17615,6.076957,7.10393
perp_gap_fade_e0p5_x0_tp1p25_sl0p75_h9999_n0p5_m5,perp_gap,fade,0.5,0,1.25,0.75,9999,0.5,5,4,2,7,6,1,28.7046,7.17615,6.076957,7.10393
perp_gap_fade_e0p5_x0_tp1p25_sl0p75_h9999_n0p5_m8,perp_gap,fade,0.5,0,1.25,0.75,9999,0.5,8,4,2,7,6,1,28.7046,7.17615,6.076957,7.10393
perp_gap_fade_e0p5_x0p1_tp0p75_sl0p75_h9999_n0p5_m2,perp_gap,fade,0.5,0.1,0.75,0.75,9999,0.5,2,4,2,7,6,1,28.415147,7.103787,6.076957,7.103153
perp_gap_fade_e0p5_x0p1_tp0p75_sl0p75_h9999_n0p5_m5,perp_gap,fade,0.5,0.1,0.75,0.75,9999,0.5,5,4,2,7,6,1,28.415147,7.103787,6.076957,7.103153
perp_gap_fade_e0p5_x0p1_tp0p75_sl0p75_h9999_n0p5_m8,perp_gap,fade,0.5,0.1,0.75,0.75,9999,0.5,8,4,2,7,6,1,28.415147,7.103787,6.076957,7.103153
perp_gap_fade_e0p5_x0p1_tp1p25_sl0p75_h9999_n0p5_m2,perp_gap,fade,0.5,0.1,1.25,0.75,9999,0.5,2,4,2,7,6,1,28.415147,7.103787,6.076957,7.103153
perp_gap_fade_e0p5_x0p1_tp1p25_sl0p75_h9999_n0p5_m5,perp_gap,fade,0.5,0.1,1.25,0.75,9999,0.5,5,4,2,7,6,1,28.415147,7.103787,6.076957,7.103153
perp_gap_fade_e0p5_x0p1_tp1p25_sl0p75_h9999_n0p5_m8,perp_gap,fade,0.5,0.1,1.25,0.75,9999,0.5,8,4,2,7,6,1,28.415147,7.103787,6.076957,7.103153
perp_gap_fade_e0p2_x0_tp1p25_sl0p75_h9999_n0p2_m8,perp_gap,fade,0.2,0,1.25,0.75,9999,0.2,8,4,2,49,25,24,28.135249,7.033812,9.131983,19.033226
perp_gap_fade_e0p2_x0_tp1p25_sl1p25_h9999_n0p2_m8,perp_gap,fade,0.2,0,1.25,1.25,9999,0.2,8,4,2,47,23,24,28.134753,7.033688,7.10795,18.23746
perp_gap_fade_e0p2_x0_tp1p25_sl0p75_h9999_n0p2_m5,perp_gap,fade,0.2,0,1.25,0.75,9999,0.2,5,4,2,47,24,23,28.113765,7.028441,9.246951,19.003853
perp_gap_fade_e0p2_x0_tp1p25_sl2p5_h9999_n0p2_m5,perp_gap,fade,0.2,0,1.25,2.5,9999,0.2,5,4,2,36,18,18,28.052812,7.013203,7.336342,14.54729
perp_gap_fade_e0p5_x0_tp2_sl1p25_h9999_n0p35_m2,perp_gap,fade,0.5,0,2,1.25,9999,0.35,2,4,2,6,6,0,27.992028,6.998007,5.030106,4.260914
perp_gap_fade_e0p5_x0_tp2_sl1p25_h9999_n0p35_m5,perp_gap,fade,0.5,0,2,1.25,9999,0.35,5,4,2,6,6,0,27.992028,6.998007,5.030106,4.260914
perp_gap_fade_e0p5_x0_tp2_sl1p25_h9999_n0p35_m8,perp_gap,fade,0.5,0,2,1.25,9999,0.35,8,4,2,6,6,0,27.992028,6.998007,5.030106,4.260914
perp_gap_fade_e0p5_x0_tp2_sl2p5_h9999_n0p35_m2,perp_gap,fade,0.5,0,2,2.5,9999,0.35,2,4,2,6,6,0,27.992028,6.998007,5.030106,4.260914
perp_gap_fade_e0p5_x0_tp2_sl2p5_h9999_n0p35_m5,perp_gap,fade,0.5,0,2,2.5,9999,0.35,5,4,2,6,6,0,27.992028,6.998007,5.030106,4.260914
perp_gap_fade_e0p5_x0_tp2_sl2p5_h9999_n0p35_m8,perp_gap,fade,0.5,0,2,2.5,9999,0.35,8,4,2,6,6,0,27.992028,6.998007,5.030106,4.260914
perp_gap_fade_e0p35_x0p1_tp1p25_sl0p75_h9999_n0p35_m2,perp_gap,fade,0.35,0.1,1.25,0.75,9999,0.35,2,4,2,20,15,5,27.943864,6.985966,7.569641,14.196226
perp_gap_fade_e0p35_x0p1_tp1p25_sl1p25_h9999_n0p35_m2,perp_gap,fade,0.35,0.1,1.25,1.25,9999,0.35,2,4,2,20,15,5,27.943864,6.985966,7.569641,14.196226
perp_gap_fade_e0p35_x0p1_tp1p25_sl2p5_h9999_n0p35_m2,perp_gap,fade,0.35,0.1,1.25,2.5,9999,0.35,2,4,2,20,15,5,27.943864,6.985966,7.569641,14.196226
perp_gap_fade_e0p1_x0_tp2_sl2p5_h9999_n0p35_m5,perp_gap,fade,0.1,0,2,2.5,9999,0.35,5,4,2,13,7,6,27.65509,6.913772,7.592325,8.783033
perp_gap_fade_e0p1_x0_tp2_sl2p5_h9999_n0p35_m8,perp_gap,fade,0.1,0,2,2.5,9999,0.35,8,4,2,13,7,6,27.65509,6.913772,7.592325,8.783033
perp_gap_fade_e0p35_x0_tp2_sl0p75_h9999_n0p2_m2,perp_gap,fade,0.35,0,2,0.75,9999,0.2,2,4,2,13,11,2,27.571451,6.892863,3.510522,5.26868
perp_gap_fade_e0p35_x0_tp2_sl1p25_h9999_n0p2_m2,perp_gap,fade,0.35,0,2,1.25,9999,0.2,2,4,2,11,9,2,27.557077,6.889269,3.349312,4.458505
perp_gap_fade_e0p35_x0_tp2_sl2p5_h9999_n0p2_m2,perp_gap,fade,0.35,0,2,2.5,9999,0.2,2,4,2,11,9,2,27.557077,6.889269,3.349312,4.458505
perp_gap_fade_e0p5_x0p1_tp2_sl0p75_h15_n0p5_m2,perp_gap,fade,0.5,0.1,2,0.75,15,0.5,2,4,2,9,6,3,27.547454,6.886864,3.779008,9.124002
perp_gap_fade_e0p5_x0p1_tp2_sl0p75_h15_n0p5_m5,perp_gap,fade,0.5,0.1,2,0.75,15,0.5,5,4,2,9,6,3,27.547454,6.886864,3.779008,9.124002
perp_gap_fade_e0p5_x0p1_tp2_sl0p75_h15_n0p5_m8,perp_gap,fade,0.5,0.1,2,0.75,15,0.5,8,4,2,9,6,3,27.547454,6.886864,3.779008,9.124002
perp_gap_fade_e0p5_x0p1_tp2_sl1p25_h15_n0p5_m2,perp_gap,fade,0.5,0.1,2,1.25,15,0.5,2,4,2,9,6,3,27.547454,6.886864,3.779008,9.124002
perp_gap_fade_e0p5_x0p1_tp2_sl1p25_h15_n0p5_m5,perp_gap,fade,0.5,0.1,2,1.25,15,0.5,5,4,2,9,6,3,27.547454,6.886864,3.779008,9.124002
perp_gap_fade_e0p5_x0p1_tp2_sl1p25_h15_n0p5_m8,perp_gap,fade,0.5,0.1,2,1.25,15,0.5,8,4,2,9,6,3,27.547454,6.886864,3.779008,9.124002
perp_gap_fade_e0p5_x0p1_tp2_sl2p5_h15_n0p5_m2,perp_gap,fade,0.5,0.1,2,2.5,15,0.5,2,4,2,9,6,3,27.547454,6.886864,3.779008,9.124002
perp_gap_fade_e0p5_x0p1_tp2_sl2p5_h15_n0p5_m5,perp_gap,fade,0.5,0.1,2,2.5,15,0.5,5,4,2,9,6,3,27.547454,6.886864,3.779008,9.124002
perp_gap_fade_e0p5_x0p1_tp2_sl2p5_h15_n0p5_m8,perp_gap,fade,0.5,0.1,2,2.5,15,0.5,8,4,2,9,6,3,27.547454,6.886864,3.779008,9.124002
perp_gap_fade_e0p5_x0_tp1p25_sl1p25_h9999_n0p35_m2,perp_gap,fade,0.5,0,1.25,1.25,9999,0.35,2,4,2,7,7,0,27.498542,6.874636,3.444615,4.976211
perp_gap_fade_e0p5_x0_tp1p25_sl1p25_h9999_n0p35_m5,perp_gap,fade,0.5,0,1.25,1.25,9999,0.35,5,4,2,7,7,0,27.498542,6.874636,3.444615,4.976211
perp_gap_fade_e0p5_x0_tp1p25_sl1p25_h9999_n0p35_m8,perp_gap,fade,0.5,0,1.25,1.25,9999,0.35,8,4,2,7,7,0,27.498542,6.874636,3.444615,4.976211
perp_gap_fade_e0p5_x0_tp1p25_sl2p5_h9999_n0p35_m2,perp_gap,fade,0.5,0,1.25,2.5,9999,0.35,2,4,2,7,7,0,27.498542,6.874636,3.444615,4.976211
perp_gap_fade_e0p5_x0_tp1p25_sl2p5_h9999_n0p35_m5,perp_gap,fade,0.5,0,1.25,2.5,9999,0.35,5,4,2,7,7,0,27.498542,6.874636,3.444615,4.976211
perp_gap_fade_e0p5_x0_tp1p25_sl2p5_h9999_n0p35_m8,perp_gap,fade,0.5,0,1.25,2.5,9999,0.35,8,4,2,7,7,0,27.498542,6.874636,3.444615,4.976211
perp_gap_fade_e0p35_x0_tp2_sl0p75_h9999_n0p2_m5,perp_gap,fade,0.35,0,2,0.75,9999,0.2,5,4,2,17,13,4,27.344145,6.836036,3.958919,6.886558
perp_gap_fade_e0p35_x0_tp2_sl0p75_h9999_n0p2_m8,perp_gap,fade,0.35,0,2,0.75,9999,0.2,8,4,2,17,13,4,27.344145,6.836036,3.958919,6.886558
perp_gap_fade_e0p5_x0p1_tp1p25_sl1p25_h9999_n0p35_m2,perp_gap,fade,0.5,0.1,1.25,1.25,9999,0.35,2,4,2,7,7,0,27.297214,6.824304,3.444615,4.97577
perp_gap_fade_e0p5_x0p1_tp1p25_sl1p25_h9999_n0p35_m5,perp_gap,fade,0.5,0.1,1.25,1.25,9999,0.35,5,4,2,7,7,0,27.297214,6.824304,3.444615,4.97577
perp_gap_fade_e0p5_x0p1_tp1p25_sl1p25_h9999_n0p35_m8,perp_gap,fade,0.5,0.1,1.25,1.25,9999,0.35,8,4,2,7,7,0,27.297214,6.824304,3.444615,4.97577
perp_gap_fade_e0p5_x0p1_tp1p25_sl2p5_h9999_n0p35_m2,perp_gap,fade,0.5,0.1,1.25,2.5,9999,0.35,2,4,2,7,7,0,27.297214,6.824304,3.444615,4.97577
perp_gap_fade_e0p5_x0p1_tp1p25_sl2p5_h9999_n0p35_m5,perp_gap,fade,0.5,0.1,1.25,2.5,9999,0.35,5,4,2,7,7,0,27.297214,6.824304,3.444615,4.97577
perp_gap_fade_e0p5_x0p1_tp1p25_sl2p5_h9999_n0p35_m8,perp_gap,fade,0.5,0.1,1.25,2.5,9999,0.35,8,4,2,7,7,0,27.297214,6.824304,3.444615,4.97577
perp_gap_fade_e0p35_x0_tp0p75_sl0p75_h9999_n0p35_m2,perp_gap,fade,0.35,0,0.75,0.75,9999,0.35,2,4,2,17,11,6,27.213554,6.803389,6.683387,12.064162
perp_gap_fade_e0p2_x0_tp2_sl0p75_h9999_n0p2_m8,perp_gap,fade,0.2,0,2,0.75,9999,0.2,8,4,2,42,18,24,27.19852,6.79963,9.196663,15.794064
perp_gap_fade_e0p2_x0_tp2_sl2p5_h9999_n0p35_m5,perp_gap,fade,0.2,0,2,2.5,9999,0.35,5,4,2,13,7,6,27.189521,6.79738,7.592325,8.782567
perp_gap_fade_e0p2_x0_tp2_sl2p5_h9999_n0p35_m8,perp_gap,fade,0.2,0,2,2.5,9999,0.35,8,4,2,13,7,6,27.189521,6.79738,7.592325,8.782567
perp_gap_fade_e0p35_x0p1_tp1p25_sl0p75_h9999_n0p5_m2,perp_gap,fade,0.35,0.1,1.25,0.75,9999,0.5,2,4,2,15,10,5,27.060603,6.765151,11.424699,15.216346
perp_gap_fade_e0p35_x0p1_tp1p25_sl0p75_h9999_n0p5_m5,perp_gap,fade,0.35,0.1,1.25,0.75,9999,0.5,5,4,2,15,10,5,27.060603,6.765151,11.424699,15.216346
perp_gap_fade_e0p35_x0p1_tp1p25_sl0p75_h9999_n0p5_m8,perp_gap,fade,0.35,0.1,1.25,0.75,9999,0.5,8,4,2,15,10,5,27.060603,6.765151,11.424699,15.216346
perp_gap_fade_e0p35_x0p1_tp1p25_sl1p25_h9999_n0p5_m2,perp_gap,fade,0.35,0.1,1.25,1.25,9999,0.5,2,4,2,15,10,5,27.060603,6.765151,11.424699,15.216346
perp_gap_fade_e0p35_x0p1_tp1p25_sl1p25_h9999_n0p5_m5,perp_gap,fade,0.35,0.1,1.25,1.25,9999,0.5,5,4,2,15,10,5,27.060603,6.765151,11.424699,15.216346
perp_gap_fade_e0p35_x0p1_tp1p25_sl1p25_h9999_n0p5_m8,perp_gap,fade,0.35,0.1,1.25,1.25,9999,0.5,8,4,2,15,10,5,27.060603,6.765151,11.424699,15.216346
perp_gap_fade_e0p35_x0p1_tp1p25_sl2p5_h9999_n0p5_m2,perp_gap,fade,0.35,0.1,1.25,2.5,9999,0.5,2,4,2,15,10,5,27.060603,6.765151,11.424699,15.216346
perp_gap_fade_e0p35_x0p1_tp1p25_sl2p5_h9999_n0p5_m5,perp_gap,fade,0.35,0.1,1.25,2.5,9999,0.5,5,4,2,15,10,5,27.060603,6.765151,11.424699,15.216346
perp_gap_fade_e0p35_x0p1_tp1p25_sl2p5_h9999_n0p5_m8,perp_gap,fade,0.35,0.1,1.25,2.5,9999,0.5,8,4,2,15,10,5,27.060603,6.765151,11.424699,15.216346
perp_gap_fade_e0p5_x0p1_tp0p75_sl0p75_h15_n0p5_m2,perp_gap,fade,0.5,0.1,0.75,0.75,15,0.5,2,4,2,9,6,3,26.84706,6.711765,3.776405,9.120493
perp_gap_fade_e0p5_x0p1_tp0p75_sl0p75_h15_n0p5_m5,perp_gap,fade,0.5,0.1,0.75,0.75,15,0.5,5,4,2,9,6,3,26.84706,6.711765,3.776405,9.120493
perp_gap_fade_e0p5_x0p1_tp0p75_sl0p75_h15_n0p5_m8,perp_gap,fade,0.5,0.1,0.75,0.75,15,0.5,8,4,2,9,6,3,26.84706,6.711765,3.776405,9.120493
perp_gap_fade_e0p5_x0p1_tp0p75_sl1p25_h15_n0p5_m2,perp_gap,fade,0.5,0.1,0.75,1.25,15,0.5,2,4,2,9,6,3,26.84706,6.711765,3.776405,9.120493
perp_gap_fade_e0p5_x0p1_tp0p75_sl1p25_h15_n0p5_m5,perp_gap,fade,0.5,0.1,0.75,1.25,15,0.5,5,4,2,9,6,3,26.84706,6.711765,3.776405,9.120493
perp_gap_fade_e0p5_x0p1_tp0p75_sl1p25_h15_n0p5_m8,perp_gap,fade,0.5,0.1,0.75,1.25,15,0.5,8,4,2,9,6,3,26.84706,6.711765,3.776405,9.120493
perp_gap_fade_e0p5_x0p1_tp0p75_sl2p5_h15_n0p5_m2,perp_gap,fade,0.5,0.1,0.75,2.5,15,0.5,2,4,2,9,6,3,26.84706,6.711765,3.776405,9.120493
perp_gap_fade_e0p5_x0p1_tp0p75_sl2p5_h15_n0p5_m5,perp_gap,fade,0.5,0.1,0.75,2.5,15,0.5,5,4,2,9,6,3,26.84706,6.711765,3.776405,9.120493
perp_gap_fade_e0p5_x0p1_tp0p75_sl2p5_h15_n0p5_m8,perp_gap,fade,0.5,0.1,0.75,2.5,15,0.5,8,4,2,9,6,3,26.84706,6.711765,3.776405,9.120493
perp_gap_fade_e0p5_x0p1_tp1p25_sl0p75_h15_n0p5_m2,perp_gap,fade,0.5,0.1,1.25,0.75,15,0.5,2,4,2,9,6,3,26.84706,6.711765,3.776405,9.120493
perp_gap_fade_e0p5_x0p1_tp1p25_sl0p75_h15_n0p5_m5,perp_gap,fade,0.5,0.1,1.25,0.75,15,0.5,5,4,2,9,6,3,26.84706,6.711765,3.776405,9.120493
perp_gap_fade_e0p5_x0p1_tp1p25_sl0p75_h15_n0p5_m8,perp_gap,fade,0.5,0.1,1.25,0.75,15,0.5,8,4,2,9,6,3,26.84706,6.711765,3.776405,9.120493
perp_gap_fade_e0p5_x0p1_tp1p25_sl1p25_h15_n0p5_m2,perp_gap,fade,0.5,0.1,1.25,1.25,15,0.5,2,4,2,9,6,3,26.84706,6.711765,3.776405,9.120493
perp_gap_fade_e0p5_x0p1_tp1p25_sl1p25_h15_n0p5_m5,perp_gap,fade,0.5,0.1,1.25,1.25,15,0.5,5,4,2,9,6,3,26.84706,6.711765,3.776405,9.120493
perp_gap_fade_e0p5_x0p1_tp1p25_sl1p25_h15_n0p5_m8,perp_gap,fade,0.5,0.1,1.25,1.25,15,0.5,8,4,2,9,6,3,26.84706,6.711765,3.776405,9.120493
perp_gap_fade_e0p5_x0p1_tp1p25_sl2p5_h15_n0p5_m2,perp_gap,fade,0.5,0.1,1.25,2.5,15,0.5,2,4,2,9,6,3,26.84706,6.711765,3.776405,9.120493
perp_gap_fade_e0p5_x0p1_tp1p25_sl2p5_h15_n0p5_m5,perp_gap,fade,0.5,0.1,1.25,2.5,15,0.5,5,4,2,9,6,3,26.84706,6.711765,3.776405,9.120493
perp_gap_fade_e0p5_x0p1_tp1p25_sl2p5_h15_n0p5_m8,perp_gap,fade,0.5,0.1,1.25,2.5,15,0.5,8,4,2,9,6,3,26.84706,6.711765,3.776405,9.120493
perp_gap_fade_e0p5_x0_tp0p75_sl0p75_h15_n0p5_m2,perp_gap,fade,0.5,0,0.75,0.75,15,0.5,2,4,2,9,6,3,26.668976,6.667244,3.776405,9.120138
perp_gap_fade_e0p5_x0_tp0p75_sl0p75_h15_n0p5_m5,perp_gap,fade,0.5,0,0.75,0.75,15,0.5,5,4,2,9,6,3,26.668976,6.667244,3.776405,9.120138
perp_gap_fade_e0p5_x0_tp0p75_sl0p75_h15_n0p5_m8,perp_gap,fade,0.5,0,0.75,0.75,15,0.5,8,4,2,9,6,3,26.668976,6.667244,3.776405,9.120138
perp_gap_fade_e0p5_x0_tp0p75_sl1p25_h15_n0p5_m2,perp_gap,fade,0.5,0,0.75,1.25,15,0.5,2,4,2,9,6,3,26.668976,6.667244,3.776405,9.120138
perp_gap_fade_e0p5_x0_tp0p75_sl1p25_h15_n0p5_m5,perp_gap,fade,0.5,0,0.75,1.25,15,0.5,5,4,2,9,6,3,26.668976,6.667244,3.776405,9.120138
perp_gap_fade_e0p5_x0_tp0p75_sl1p25_h15_n0p5_m8,perp_gap,fade,0.5,0,0.75,1.25,15,0.5,8,4,2,9,6,3,26.668976,6.667244,3.776405,9.120138
perp_gap_fade_e0p5_x0_tp0p75_sl2p5_h15_n0p5_m2,perp_gap,fade,0.5,0,0.75,2.5,15,0.5,2,4,2,9,6,3,26.668976,6.667244,3.776405,9.120138
perp_gap_fade_e0p5_x0_tp0p75_sl2p5_h15_n0p5_m5,perp_gap,fade,0.5,0,0.75,2.5,15,0.5,5,4,2,9,6,3,26.668976,6.667244,3.776405,9.120138
perp_gap_fade_e0p5_x0_tp0p75_sl2p5_h15_n0p5_m8,perp_gap,fade,0.5,0,0.75,2.5,15,0.5,8,4,2,9,6,3,26.668976,6.667244,3.776405,9.120138
perp_gap_fade_e0p5_x0_tp1p25_sl0p75_h15_n0p5_m2,perp_gap,fade,0.5,0,1.25,0.75,15,0.5,2,4,2,9,6,3,26.668976,6.667244,3.776405,9.120138
perp_gap_fade_e0p5_x0_tp1p25_sl0p75_h15_n0p5_m5,perp_gap,fade,0.5,0,1.25,0.75,15,0.5,5,4,2,9,6,3,26.668976,6.667244,3.776405,9.120138
perp_gap_fade_e0p5_x0_tp1p25_sl0p75_h15_n0p5_m8,perp_gap,fade,0.5,0,1.25,0.75,15,0.5,8,4,2,9,6,3,26.668976,6.667244,3.776405,9.120138
perp_gap_fade_e0p5_x0_tp1p25_sl1p25_h15_n0p5_m2,perp_gap,fade,0.5,0,1.25,1.25,15,0.5,2,4,2,9,6,3,26.668976,6.667244,3.776405,9.120138
perp_gap_fade_e0p5_x0_tp1p25_sl1p25_h15_n0p5_m5,perp_gap,fade,0.5,0,1.25,1.25,15,0.5,5,4,2,9,6,3,26.668976,6.667244,3.776405,9.120138
perp_gap_fade_e0p5_x0_tp1p25_sl1p25_h15_n0p5_m8,perp_gap,fade,0.5,0,1.25,1.25,15,0.5,8,4,2,9,6,3,26.668976,6.667244,3.776405,9.120138
perp_gap_fade_e0p5_x0_tp1p25_sl2p5_h15_n0p5_m2,perp_gap,fade,0.5,0,1.25,2.5,15,0.5,2,4,2,9,6,3,26.668976,6.667244,3.776405,9.120138
perp_gap_fade_e0p5_x0_tp1p25_sl2p5_h15_n0p5_m5,perp_gap,fade,0.5,0,1.25,2.5,15,0.5,5,4,2,9,6,3,26.668976,6.667244,3.776405,9.120138
perp_gap_fade_e0p5_x0_tp1p25_sl2p5_h15_n0p5_m8,perp_gap,fade,0.5,0,1.25,2.5,15,0.5,8,4,2,9,6,3,26.668976,6.667244,3.776405,9.120138
perp_gap_fade_e0p35_x0_tp2_sl1p25_h9999_n0p2_m5,perp_gap,fade,0.35,0,2,1.25,9999,0.2,5,4,2,16,12,4,26.629669,6.657417,4.791582,6.481912
perp_gap_fade_e0p35_x0_tp2_sl1p25_h9999_n0p2_m8,perp_gap,fade,0.35,0,2,1.25,9999,0.2,8,4,2,16,12,4,26.629669,6.657417,4.791582,6.481912
perp_gap_fade_e0p35_x0_tp2_sl2p5_h9999_n0p2_m5,perp_gap,fade,0.35,0,2,2.5,9999,0.2,5,4,2,16,12,4,26.629669,6.657417,4.791582,6.481912
perp_gap_fade_e0p35_x0_tp2_sl2p5_h9999_n0p2_m8,perp_gap,fade,0.35,0,2,2.5,9999,0.2,8,4,2,16,12,4,26.629669,6.657417,4.791582,6.481912
perp_gap_fade_e0p35_x0p1_tp0p75_sl0p75_h9999_n0p35_m2,perp_gap,fade,0.35,0.1,0.75,0.75,9999,0.35,2,4,2,20,15,5,26.061188,6.515297,7.555605,14.1851
perp_gap_fade_e0p35_x0p1_tp0p75_sl0p75_h9999_n0p35_m5,perp_gap,fade,0.35,0.1,0.75,0.75,9999,0.35,5,4,2,20,15,5,26.061188,6.515297,7.555605,14.1851
perp_gap_fade_e0p35_x0p1_tp0p75_sl0p75_h9999_n0p35_m8,perp_gap,fade,0.35,0.1,0.75,0.75,9999,0.35,8,4,2,20,15,5,26.061188,6.515297,7.555605,14.1851
perp_gap_fade_e0p35_x0p1_tp0p75_sl1p25_h9999_n0p35_m2,perp_gap,fade,0.35,0.1,0.75,1.25,9999,0.35,2,4,2,20,15,5,26.061188,6.515297,7.555605,14.1851
perp_gap_fade_e0p35_x0p1_tp0p75_sl1p25_h9999_n0p35_m5,perp_gap,fade,0.35,0.1,0.75,1.25,9999,0.35,5,4,2,20,15,5,26.061188,6.515297,7.555605,14.1851
perp_gap_fade_e0p35_x0p1_tp0p75_sl1p25_h9999_n0p35_m8,perp_gap,fade,0.35,0.1,0.75,1.25,9999,0.35,8,4,2,20,15,5,26.061188,6.515297,7.555605,14.1851
perp_gap_fade_e0p35_x0p1_tp0p75_sl2p5_h9999_n0p35_m2,perp_gap,fade,0.35,0.1,0.75,2.5,9999,0.35,2,4,2,20,15,5,26.061188,6.515297,7.555605,14.1851
perp_gap_fade_e0p35_x0p1_tp0p75_sl2p5_h9999_n0p35_m5,perp_gap,fade,0.35,0.1,0.75,2.5,9999,0.35,5,4,2,20,15,5,26.061188,6.515297,7.555605,14.1851
perp_gap_fade_e0p35_x0p1_tp0p75_sl2p5_h9999_n0p35_m8,perp_gap,fade,0.35,0.1,0.75,2.5,9999,0.35,8,4,2,20,15,5,26.061188,6.515297,7.555605,14.1851
perp_gap_fade_e0p2_x0_tp1p25_sl2p5_h9999_n0p2_m8,perp_gap,fade,0.2,0,1.25,2.5,9999,0.2,8,4,2,46,23,23,26.057323,6.514331,7.424629,16.216154
perp_gap_fade_e0p35_x0_tp2_sl0p75_h15_n0p35_m5,perp_gap,fade,0.35,0,2,0.75,15,0.35,5,4,1,41,18,23,25.987538,6.496885,11.810997,28.619328
perp_gap_fade_e0p35_x0_tp2_sl0p75_h15_n0p35_m8,perp_gap,fade,0.35,0,2,0.75,15,0.35,8,4,1,41,18,23,25.987538,6.496885,11.810997,28.619328
perp_gap_fade_e0p35_x0_tp2_sl1p25_h15_n0p35_m5,perp_gap,fade,0.35,0,2,1.25,15,0.35,5,4,1,41,18,23,25.987538,6.496885,11.810997,28.619328
perp_gap_fade_e0p35_x0_tp2_sl1p25_h15_n0p35_m8,perp_gap,fade,0.35,0,2,1.25,15,0.35,8,4,1,41,18,23,25.987538,6.496885,11.810997,28.619328
perp_gap_fade_e0p35_x0_tp2_sl2p5_h15_n0p35_m5,perp_gap,fade,0.35,0,2,2.5,15,0.35,5,4,1,41,18,23,25.987538,6.496885,11.810997,28.619328
perp_gap_fade_e0p35_x0_tp2_sl2p5_h15_n0p35_m8,perp_gap,fade,0.35,0,2,2.5,15,0.35,8,4,1,41,18,23,25.987538,6.496885,11.810997,28.619328
perp_gap_fade_e0p35_x0_tp1p25_sl1p25_h30_n0p35_m5,perp_gap,fade,0.35,0,1.25,1.25,30,0.35,5,4,2,30,18,12,25.658694,6.414674,8.46775,21.098085
perp_gap_fade_e0p35_x0_tp1p25_sl1p25_h30_n0p35_m8,perp_gap,fade,0.35,0,1.25,1.25,30,0.35,8,4,2,30,18,12,25.658694,6.414674,8.46775,21.098085
perp_gap_fade_e0p35_x0_tp1p25_sl2p5_h30_n0p35_m5,perp_gap,fade,0.35,0,1.25,2.5,30,0.35,5,4,2,30,18,12,25.658694,6.414674,8.46775,21.098085
perp_gap_fade_e0p35_x0_tp1p25_sl2p5_h30_n0p35_m8,perp_gap,fade,0.35,0,1.25,2.5,30,0.35,8,4,2,30,18,12,25.658694,6.414674,8.46775,21.098085
perp_gap_fade_e0p5_x0_tp0p75_sl1p25_h9999_n0p35_m2,perp_gap,fade,0.5,0,0.75,1.25,9999,0.35,2,4,2,7,7,0,25.482753,6.370688,3.444615,4.971372
perp_gap_fade_e0p5_x0_tp0p75_sl1p25_h9999_n0p35_m5,perp_gap,fade,0.5,0,0.75,1.25,9999,0.35,5,4,2,7,7,0,25.482753,6.370688,3.444615,4.971372
perp_gap_fade_e0p5_x0_tp0p75_sl1p25_h9999_n0p35_m8,perp_gap,fade,0.5,0,0.75,1.25,9999,0.35,8,4,2,7,7,0,25.482753,6.370688,3.444615,4.971372
perp_gap_fade_e0p5_x0_tp0p75_sl2p5_h9999_n0p35_m2,perp_gap,fade,0.5,0,0.75,2.5,9999,0.35,2,4,2,7,7,0,25.482753,6.370688,3.444615,4.971372
perp_gap_fade_e0p5_x0_tp0p75_sl2p5_h9999_n0p35_m5,perp_gap,fade,0.5,0,0.75,2.5,9999,0.35,5,4,2,7,7,0,25.482753,6.370688,3.444615,4.971372
perp_gap_fade_e0p5_x0_tp0p75_sl2p5_h9999_n0p35_m8,perp_gap,fade,0.5,0,0.75,2.5,9999,0.35,8,4,2,7,7,0,25.482753,6.370688,3.444615,4.971372
perp_gap_fade_e0p2_x0_tp2_sl0p75_h9999_n0p2_m5,perp_gap,fade,0.2,0,2,0.75,9999,0.2,5,4,2,39,18,21,25.439206,6.359801,9.373099,15.768673
perp_gap_fade_e0p5_x0p1_tp0p75_sl1p25_h9999_n0p35_m2,perp_gap,fade,0.5,0.1,0.75,1.25,9999,0.35,2,4,2,7,7,0,25.281145,6.320286,3.444615,4.970931
perp_gap_fade_e0p5_x0p1_tp0p75_sl1p25_h9999_n0p35_m5,perp_gap,fade,0.5,0.1,0.75,1.25,9999,0.35,5,4,2,7,7,0,25.281145,6.320286,3.444615,4.970931
perp_gap_fade_e0p5_x0p1_tp0p75_sl1p25_h9999_n0p35_m8,perp_gap,fade,0.5,0.1,0.75,1.25,9999,0.35,8,4,2,7,7,0,25.281145,6.320286,3.444615,4.970931
perp_gap_fade_e0p5_x0p1_tp0p75_sl2p5_h9999_n0p35_m2,perp_gap,fade,0.5,0.1,0.75,2.5,9999,0.35,2,4,2,7,7,0,25.281145,6.320286,3.444615,4.970931
perp_gap_fade_e0p5_x0p1_tp0p75_sl2p5_h9999_n0p35_m5,perp_gap,fade,0.5,0.1,0.75,2.5,9999,0.35,5,4,2,7,7,0,25.281145,6.320286,3.444615,4.970931
perp_gap_fade_e0p5_x0p1_tp0p75_sl2p5_h9999_n0p35_m8,perp_gap,fade,0.5,0.1,0.75,2.5,9999,0.35,8,4,2,7,7,0,25.281145,6.320286,3.444615,4.970931
perp_gap_fade_e0p5_x0p1_tp2_sl1p25_h9999_n0p35_m2,perp_gap,fade,0.5,0.1,2,1.25,9999,0.35,2,4,2,7,7,0,25.057275,6.264319,5.083162,4.970737
perp_gap_fade_e0p5_x0p1_tp2_sl1p25_h9999_n0p35_m5,perp_gap,fade,0.5,0.1,2,1.25,9999,0.35,5,4,2,7,7,0,25.057275,6.264319,5.083162,4.970737
perp_gap_fade_e0p5_x0p1_tp2_sl1p25_h9999_n0p35_m8,perp_gap,fade,0.5,0.1,2,1.25,9999,0.35,8,4,2,7,7,0,25.057275,6.264319,5.083162,4.970737
perp_gap_fade_e0p5_x0p1_tp2_sl2p5_h9999_n0p35_m2,perp_gap,fade,0.5,0.1,2,2.5,9999,0.35,2,4,2,7,7,0,25.057275,6.264319,5.083162,4.970737
perp_gap_fade_e0p5_x0p1_tp2_sl2p5_h9999_n0p35_m5,perp_gap,fade,0.5,0.1,2,2.5,9999,0.35,5,4,2,7,7,0,25.057275,6.264319,5.083162,4.970737
perp_gap_fade_e0p5_x0p1_tp2_sl2p5_h9999_n0p35_m8,perp_gap,fade,0.5,0.1,2,2.5,9999,0.35,8,4,2,7,7,0,25.057275,6.264319,5.083162,4.970737
perp_gap_fade_e0p35_x0_tp2_sl0p75_h15_n0p35_m2,perp_gap,fade,0.35,0,2,0.75,15,0.35,2,4,1,39,17,22,24.960224,6.240056,12.085204,27.415804
perp_gap_fade_e0p35_x0_tp2_sl1p25_h15_n0p35_m2,perp_gap,fade,0.35,0,2,1.25,15,0.35,2,4,1,39,17,22,24.960224,6.240056,12.085204,27.415804
perp_gap_fade_e0p35_x0_tp2_sl2p5_h15_n0p35_m2,perp_gap,fade,0.35,0,2,2.5,15,0.35,2,4,1,39,17,22,24.960224,6.240056,12.085204,27.415804
perp_gap_fade_e0p35_x0_tp1p25_sl0p75_h30_n0p35_m5,perp_gap,fade,0.35,0,1.25,0.75,30,0.35,5,4,2,30,18,12,24.851772,6.212943,9.271964,21.09284
perp_gap_fade_e0p35_x0_tp1p25_sl0p75_h30_n0p35_m8,perp_gap,fade,0.35,0,1.25,0.75,30,0.35,8,4,2,30,18,12,24.851772,6.212943,9.271964,21.09284
perp_gap_fade_e0p35_x0p1_tp0p75_sl0p75_h9999_n0p5_m2,perp_gap,fade,0.35,0.1,0.75,0.75,9999,0.5,2,4,2,15,10,5,24.372931,6.093233,11.394478,15.200184
perp_gap_fade_e0p35_x0p1_tp0p75_sl0p75_h9999_n0p5_m5,perp_gap,fade,0.35,0.1,0.75,0.75,9999,0.5,5,4,2,15,10,5,24.372931,6.093233,11.394478,15.200184
perp_gap_fade_e0p35_x0p1_tp0p75_sl0p75_h9999_n0p5_m8,perp_gap,fade,0.35,0.1,0.75,0.75,9999,0.5,8,4,2,15,10,5,24.372931,6.093233,11.394478,15.200184
perp_gap_fade_e0p35_x0p1_tp0p75_sl1p25_h9999_n0p5_m2,perp_gap,fade,0.35,0.1,0.75,1.25,9999,0.5,2,4,2,15,10,5,24.372931,6.093233,11.394478,15.200184
perp_gap_fade_e0p35_x0p1_tp0p75_sl1p25_h9999_n0p5_m5,perp_gap,fade,0.35,0.1,0.75,1.25,9999,0.5,5,4,2,15,10,5,24.372931,6.093233,11.394478,15.200184
perp_gap_fade_e0p35_x0p1_tp0p75_sl1p25_h9999_n0p5_m8,perp_gap,fade,0.35,0.1,0.75,1.25,9999,0.5,8,4,2,15,10,5,24.372931,6.093233,11.394478,15.200184
perp_gap_fade_e0p35_x0p1_tp0p75_sl2p5_h9999_n0p5_m2,perp_gap,fade,0.35,0.1,0.75,2.5,9999,0.5,2,4,2,15,10,5,24.372931,6.093233,11.394478,15.200184
perp_gap_fade_e0p35_x0p1_tp0p75_sl2p5_h9999_n0p5_m5,perp_gap,fade,0.35,0.1,0.75,2.5,9999,0.5,5,4,2,15,10,5,24.372931,6.093233,11.394478,15.200184
perp_gap_fade_e0p35_x0p1_tp0p75_sl2p5_h9999_n0p5_m8,perp_gap,fade,0.35,0.1,0.75,2.5,9999,0.5,8,4,2,15,10,5,24.372931,6.093233,11.394478,15.200184
perp_gap_fade_e0p2_x0_tp0p75_sl2p5_h9999_n0p2_m5,perp_gap,fade,0.2,0,0.75,2.5,9999,0.2,5,4,2,43,25,18,24.230858,6.057714,7.531184,17.373502
perp_gap_fade_e0p5_x0_tp2_sl0p75_h30_n0p35_m2,perp_gap,fade,0.5,0,2,0.75,30,0.35,2,4,2,8,7,1,24.19574,6.048935,2.37622,5.675799
perp_gap_fade_e0p5_x0_tp2_sl0p75_h30_n0p35_m5,perp_gap,fade,0.5,0,2,0.75,30,0.35,5,4,2,8,7,1,24.19574,6.048935,2.37622,5.675799
perp_gap_fade_e0p5_x0_tp2_sl0p75_h30_n0p35_m8,perp_gap,fade,0.5,0,2,0.75,30,0.35,8,4,2,8,7,1,24.19574,6.048935,2.37622,5.675799
perp_gap_fade_e0p5_x0_tp2_sl1p25_h30_n0p35_m2,perp_gap,fade,0.5,0,2,1.25,30,0.35,2,4,2,8,7,1,24.19574,6.048935,2.37622,5.675799
perp_gap_fade_e0p5_x0_tp2_sl1p25_h30_n0p35_m5,perp_gap,fade,0.5,0,2,1.25,30,0.35,5,4,2,8,7,1,24.19574,6.048935,2.37622,5.675799
perp_gap_fade_e0p5_x0_tp2_sl1p25_h30_n0p35_m8,perp_gap,fade,0.5,0,2,1.25,30,0.35,8,4,2,8,7,1,24.19574,6.048935,2.37622,5.675799
perp_gap_fade_e0p5_x0_tp2_sl2p5_h30_n0p35_m2,perp_gap,fade,0.5,0,2,2.5,30,0.35,2,4,2,8,7,1,24.19574,6.048935,2.37622,5.675799
perp_gap_fade_e0p5_x0_tp2_sl2p5_h30_n0p35_m5,perp_gap,fade,0.5,0,2,2.5,30,0.35,5,4,2,8,7,1,24.19574,6.048935,2.37622,5.675799
perp_gap_fade_e0p5_x0_tp2_sl2p5_h30_n0p35_m8,perp_gap,fade,0.5,0,2,2.5,30,0.35,8,4,2,8,7,1,24.19574,6.048935,2.37622,5.675799
perp_gap_fade_e0p2_x0_tp0p75_sl1p25_h9999_n0p2_m5,perp_gap,fade,0.2,0,0.75,1.25,9999,0.2,5,4,2,55,32,23,24.061835,6.015459,7.091927,22.227381
perp_gap_fade_e0p35_x0_tp1p25_sl1p25_h30_n0p35_m2,perp_gap,fade,0.35,0,1.25,1.25,30,0.35,2,4,2,29,17,12,23.640041,5.91001,8.166683,20.490492
perp_gap_fade_e0p35_x0_tp1p25_sl2p5_h30_n0p35_m2,perp_gap,fade,0.35,0,1.25,2.5,30,0.35,2,4,2,29,17,12,23.640041,5.91001,8.166683,20.490492
perp_gap_fade_e0p35_x0_tp0p75_sl1p25_h30_n0p35_m5,perp_gap,fade,0.35,0,0.75,1.25,30,0.35,5,4,2,30,18,12,23.301654,5.825413,8.46775,21.09526
perp_gap_fade_e0p35_x0_tp0p75_sl1p25_h30_n0p35_m8,perp_gap,fade,0.35,0,0.75,1.25,30,0.35,8,4,2,30,18,12,23.301654,5.825413,8.46775,21.09526
perp_gap_fade_e0p35_x0_tp0p75_sl2p5_h30_n0p35_m5,perp_gap,fade,0.35,0,0.75,2.5,30,0.35,5,4,2,30,18,12,23.301654,5.825413,8.46775,21.09526
perp_gap_fade_e0p35_x0_tp0p75_sl2p5_h30_n0p35_m8,perp_gap,fade,0.35,0,0.75,2.5,30,0.35,8,4,2,30,18,12,23.301654,5.825413,8.46775,21.09526
perp_gap_fade_e0p35_x0_tp1p25_sl0p75_h30_n0p35_m2,perp_gap,fade,0.35,0,1.25,0.75,30,0.35,2,4,2,29,17,12,22.834734,5.708684,8.971137,20.485733
perp_gap_fade_e0p35_x0_tp0p75_sl0p75_h30_n0p35_m5,perp_gap,fade,0.35,0,0.75,0.75,30,0.35,5,4,2,30,18,12,22.495159,5.62379,9.271964,21.090016
perp_gap_fade_e0p35_x0_tp0p75_sl0p75_h30_n0p35_m8,perp_gap,fade,0.35,0,0.75,0.75,30,0.35,8,4,2,30,18,12,22.495159,5.62379,9.271964,21.090016
perp_gap_fade_e0p35_x0p1_tp2_sl0p75_h9999_n0p2_m5,perp_gap,fade,0.35,0.1,2,0.75,9999,0.2,5,4,2,20,16,4,22.010244,5.502561,2.781685,8.090534
perp_gap_fade_e0p35_x0p1_tp2_sl0p75_h9999_n0p2_m8,perp_gap,fade,0.35,0.1,2,0.75,9999,0.2,8,4,2,20,16,4,22.010244,5.502561,2.781685,8.090534
perp_gap_fade_e0p35_x0p1_tp2_sl1p25_h9999_n0p2_m5,perp_gap,fade,0.35,0.1,2,1.25,9999,0.2,5,4,2,20,16,4,22.010244,5.502561,2.781685,8.090534
perp_gap_fade_e0p35_x0p1_tp2_sl1p25_h9999_n0p2_m8,perp_gap,fade,0.35,0.1,2,1.25,9999,0.2,8,4,2,20,16,4,22.010244,5.502561,2.781685,8.090534
perp_gap_fade_e0p35_x0p1_tp2_sl2p5_h9999_n0p2_m5,perp_gap,fade,0.35,0.1,2,2.5,9999,0.2,5,4,2,20,16,4,22.010244,5.502561,2.781685,8.090534
perp_gap_fade_e0p35_x0p1_tp2_sl2p5_h9999_n0p2_m8,perp_gap,fade,0.35,0.1,2,2.5,9999,0.2,8,4,2,20,16,4,22.010244,5.502561,2.781685,8.090534
perp_gap_fade_e0p5_x0_tp2_sl0p75_h9999_n0p35_m2,perp_gap,fade,0.5,0,2,0.75,9999,0.35,2,4,2,7,6,1,21.689843,5.422461,5.813728,4.957624
perp_gap_fade_e0p5_x0_tp2_sl0p75_h9999_n0p35_m5,perp_gap,fade,0.5,0,2,0.75,9999,0.35,5,4,2,7,6,1,21.689843,5.422461,5.813728,4.957624
perp_gap_fade_e0p5_x0_tp2_sl0p75_h9999_n0p35_m8,perp_gap,fade,0.5,0,2,0.75,9999,0.35,8,4,2,7,6,1,21.689843,5.422461,5.813728,4.957624
perp_gap_fade_e0p5_x0p1_tp2_sl0p75_h30_n0p35_m2,perp_gap,fade,0.5,0.1,2,0.75,30,0.35,2,4,2,8,7,1,21.596568,5.399142,1.931761,5.674331
perp_gap_fade_e0p5_x0p1_tp2_sl0p75_h30_n0p35_m5,perp_gap,fade,0.5,0.1,2,0.75,30,0.35,5,4,2,8,7,1,21.596568,5.399142,1.931761,5.674331
perp_gap_fade_e0p5_x0p1_tp2_sl0p75_h30_n0p35_m8,perp_gap,fade,0.5,0.1,2,0.75,30,0.35,8,4,2,8,7,1,21.596568,5.399142,1.931761,5.674331
perp_gap_fade_e0p5_x0p1_tp2_sl1p25_h30_n0p35_m2,perp_gap,fade,0.5,0.1,2,1.25,30,0.35,2,4,2,8,7,1,21.596568,5.399142,1.931761,5.674331
perp_gap_fade_e0p5_x0p1_tp2_sl1p25_h30_n0p35_m5,perp_gap,fade,0.5,0.1,2,1.25,30,0.35,5,4,2,8,7,1,21.596568,5.399142,1.931761,5.674331
perp_gap_fade_e0p5_x0p1_tp2_sl1p25_h30_n0p35_m8,perp_gap,fade,0.5,0.1,2,1.25,30,0.35,8,4,2,8,7,1,21.596568,5.399142,1.931761,5.674331
perp_gap_fade_e0p5_x0p1_tp2_sl2p5_h30_n0p35_m2,perp_gap,fade,0.5,0.1,2,2.5,30,0.35,2,4,2,8,7,1,21.596568,5.399142,1.931761,5.674331
perp_gap_fade_e0p5_x0p1_tp2_sl2p5_h30_n0p35_m5,perp_gap,fade,0.5,0.1,2,2.5,30,0.35,5,4,2,8,7,1,21.596568,5.399142,1.931761,5.674331
perp_gap_fade_e0p5_x0p1_tp2_sl2p5_h30_n0p35_m8,perp_gap,fade,0.5,0.1,2,2.5,30,0.35,8,4,2,8,7,1,21.596568,5.399142,1.931761,5.674331
perp_gap_fade_e0p5_x0_tp2_sl0p75_h15_n0p35_m2,perp_gap,fade,0.5,0,2,0.75,15,0.35,2,4,2,9,6,3,21.49018,5.372545,2.99276,6.369405
perp_gap_fade_e0p5_x0_tp2_sl0p75_h15_n0p35_m5,perp_gap,fade,0.5,0,2,0.75,15,0.35,5,4,2,9,6,3,21.49018,5.372545,2.99276,6.369405
perp_gap_fade_e0p5_x0_tp2_sl0p75_h15_n0p35_m8,perp_gap,fade,0.5,0,2,0.75,15,0.35,8,4,2,9,6,3,21.49018,5.372545,2.99276,6.369405
perp_gap_fade_e0p5_x0_tp2_sl1p25_h15_n0p35_m2,perp_gap,fade,0.5,0,2,1.25,15,0.35,2,4,2,9,6,3,21.49018,5.372545,2.99276,6.369405
perp_gap_fade_e0p5_x0_tp2_sl1p25_h15_n0p35_m5,perp_gap,fade,0.5,0,2,1.25,15,0.35,5,4,2,9,6,3,21.49018,5.372545,2.99276,6.369405
perp_gap_fade_e0p5_x0_tp2_sl1p25_h15_n0p35_m8,perp_gap,fade,0.5,0,2,1.25,15,0.35,8,4,2,9,6,3,21.49018,5.372545,2.99276,6.369405
perp_gap_fade_e0p5_x0_tp2_sl2p5_h15_n0p35_m2,perp_gap,fade,0.5,0,2,2.5,15,0.35,2,4,2,9,6,3,21.49018,5.372545,2.99276,6.369405
perp_gap_fade_e0p5_x0_tp2_sl2p5_h15_n0p35_m5,perp_gap,fade,0.5,0,2,2.5,15,0.35,5,4,2,9,6,3,21.49018,5.372545,2.99276,6.369405
perp_gap_fade_e0p5_x0_tp2_sl2p5_h15_n0p35_m8,perp_gap,fade,0.5,0,2,2.5,15,0.35,8,4,2,9,6,3,21.49018,5.372545,2.99276,6.369405
perp_gap_fade_e0p5_x0_tp0p75_sl0p75_h30_n0p35_m2,perp_gap,fade,0.5,0,0.75,0.75,30,0.35,2,4,2,8,7,1,21.450122,5.362531,1.930828,5.673051
perp_gap_fade_e0p5_x0_tp0p75_sl0p75_h30_n0p35_m5,perp_gap,fade,0.5,0,0.75,0.75,30,0.35,5,4,2,8,7,1,21.450122,5.362531,1.930828,5.673051
perp_gap_fade_e0p5_x0_tp0p75_sl0p75_h30_n0p35_m8,perp_gap,fade,0.5,0,0.75,0.75,30,0.35,8,4,2,8,7,1,21.450122,5.362531,1.930828,5.673051
perp_gap_fade_e0p5_x0_tp0p75_sl1p25_h30_n0p35_m2,perp_gap,fade,0.5,0,0.75,1.25,30,0.35,2,4,2,8,7,1,21.450122,5.362531,1.930828,5.673051
perp_gap_fade_e0p5_x0_tp0p75_sl1p25_h30_n0p35_m5,perp_gap,fade,0.5,0,0.75,1.25,30,0.35,5,4,2,8,7,1,21.450122,5.362531,1.930828,5.673051
perp_gap_fade_e0p5_x0_tp0p75_sl1p25_h30_n0p35_m8,perp_gap,fade,0.5,0,0.75,1.25,30,0.35,8,4,2,8,7,1,21.450122,5.362531,1.930828,5.673051
perp_gap_fade_e0p5_x0_tp0p75_sl2p5_h30_n0p35_m2,perp_gap,fade,0.5,0,0.75,2.5,30,0.35,2,4,2,8,7,1,21.450122,5.362531,1.930828,5.673051
perp_gap_fade_e0p5_x0_tp0p75_sl2p5_h30_n0p35_m5,perp_gap,fade,0.5,0,0.75,2.5,30,0.35,5,4,2,8,7,1,21.450122,5.362531,1.930828,5.673051
perp_gap_fade_e0p5_x0_tp0p75_sl2p5_h30_n0p35_m8,perp_gap,fade,0.5,0,0.75,2.5,30,0.35,8,4,2,8,7,1,21.450122,5.362531,1.930828,5.673051
perp_gap_fade_e0p5_x0_tp1p25_sl0p75_h30_n0p35_m2,perp_gap,fade,0.5,0,1.25,0.75,30,0.35,2,4,2,8,7,1,21.450122,5.362531,1.930828,5.673051
perp_gap_fade_e0p5_x0_tp1p25_sl0p75_h30_n0p35_m5,perp_gap,fade,0.5,0,1.25,0.75,30,0.35,5,4,2,8,7,1,21.450122,5.362531,1.930828,5.673051
perp_gap_fade_e0p5_x0_tp1p25_sl0p75_h30_n0p35_m8,perp_gap,fade,0.5,0,1.25,0.75,30,0.35,8,4,2,8,7,1,21.450122,5.362531,1.930828,5.673051
perp_gap_fade_e0p5_x0_tp1p25_sl1p25_h30_n0p35_m2,perp_gap,fade,0.5,0,1.25,1.25,30,0.35,2,4,2,8,7,1,21.450122,5.362531,1.930828,5.673051
perp_gap_fade_e0p5_x0_tp1p25_sl1p25_h30_n0p35_m5,perp_gap,fade,0.5,0,1.25,1.25,30,0.35,5,4,2,8,7,1,21.450122,5.362531,1.930828,5.673051
perp_gap_fade_e0p5_x0_tp1p25_sl1p25_h30_n0p35_m8,perp_gap,fade,0.5,0,1.25,1.25,30,0.35,8,4,2,8,7,1,21.450122,5.362531,1.930828,5.673051
perp_gap_fade_e0p5_x0_tp1p25_sl2p5_h30_n0p35_m2,perp_gap,fade,0.5,0,1.25,2.5,30,0.35,2,4,2,8,7,1,21.450122,5.362531,1.930828,5.673051
perp_gap_fade_e0p5_x0_tp1p25_sl2p5_h30_n0p35_m5,perp_gap,fade,0.5,0,1.25,2.5,30,0.35,5,4,2,8,7,1,21.450122,5.362531,1.930828,5.673051
perp_gap_fade_e0p5_x0_tp1p25_sl2p5_h30_n0p35_m8,perp_gap,fade,0.5,0,1.25,2.5,30,0.35,8,4,2,8,7,1,21.450122,5.362531,1.930828,5.673051
perp_gap_fade_e0p35_x0p1_tp2_sl0p75_h9999_n0p2_m2,perp_gap,fade,0.35,0.1,2,0.75,9999,0.2,2,4,2,19,15,4,21.411901,5.352975,2.781685,7.684759
perp_gap_fade_e0p35_x0p1_tp2_sl1p25_h9999_n0p2_m2,perp_gap,fade,0.35,0.1,2,1.25,9999,0.2,2,4,2,19,15,4,21.411901,5.352975,2.781685,7.684759
perp_gap_fade_e0p35_x0p1_tp2_sl2p5_h9999_n0p2_m2,perp_gap,fade,0.35,0.1,2,2.5,9999,0.2,2,4,2,19,15,4,21.411901,5.352975,2.781685,7.684759
perp_gap_fade_e0p1_x0_tp0p75_sl0p75_h9999_n0p5_m5,perp_gap,fade,0.1,0,0.75,0.75,9999,0.5,5,4,1,21,15,6,21.286553,5.321638,8.810422,20.299995
perp_gap_fade_e0p1_x0_tp0p75_sl0p75_h9999_n0p5_m8,perp_gap,fade,0.1,0,0.75,0.75,9999,0.5,8,4,1,21,15,6,21.286553,5.321638,8.810422,20.299995
perp_gap_fade_e0p35_x0_tp0p75_sl1p25_h30_n0p35_m2,perp_gap,fade,0.35,0,0.75,1.25,30,0.35,2,4,2,29,17,12,21.283001,5.32075,8.166683,20.487667
perp_gap_fade_e0p35_x0_tp0p75_sl2p5_h30_n0p35_m2,perp_gap,fade,0.35,0,0.75,2.5,30,0.35,2,4,2,29,17,12,21.283001,5.32075,8.166683,20.487667
perp_gap_fade_e0p1_x0_tp0p75_sl2p5_h9999_n0p35_m5,perp_gap,fade,0.1,0,0.75,2.5,9999,0.35,5,4,2,13,6,7,21.245819,5.311455,7.592325,8.673103
perp_gap_fade_e0p1_x0_tp0p75_sl2p5_h9999_n0p35_m8,perp_gap,fade,0.1,0,0.75,2.5,9999,0.35,8,4,2,13,6,7,21.245819,5.311455,7.592325,8.673103
perp_gap_fade_e0p1_x0_tp1p25_sl2p5_h9999_n0p35_m5,perp_gap,fade,0.1,0,1.25,2.5,9999,0.35,5,4,2,11,4,7,21.133655,5.283414,7.592325,7.343531
perp_gap_fade_e0p1_x0_tp1p25_sl2p5_h9999_n0p35_m8,perp_gap,fade,0.1,0,1.25,2.5,9999,0.35,8,4,2,11,4,7,21.133655,5.283414,7.592325,7.343531
perp_gap_fade_e0p5_x0p1_tp0p75_sl0p75_h30_n0p35_m2,perp_gap,fade,0.5,0.1,0.75,0.75,30,0.35,2,4,2,8,7,1,21.10673,5.276682,1.930828,5.672468
perp_gap_fade_e0p5_x0p1_tp0p75_sl0p75_h30_n0p35_m5,perp_gap,fade,0.5,0.1,0.75,0.75,30,0.35,5,4,2,8,7,1,21.10673,5.276682,1.930828,5.672468
perp_gap_fade_e0p5_x0p1_tp0p75_sl0p75_h30_n0p35_m8,perp_gap,fade,0.5,0.1,0.75,0.75,30,0.35,8,4,2,8,7,1,21.10673,5.276682,1.930828,5.672468
perp_gap_fade_e0p5_x0p1_tp0p75_sl1p25_h30_n0p35_m2,perp_gap,fade,0.5,0.1,0.75,1.25,30,0.35,2,4,2,8,7,1,21.10673,5.276682,1.930828,5.672468
perp_gap_fade_e0p5_x0p1_tp0p75_sl1p25_h30_n0p35_m5,perp_gap,fade,0.5,0.1,0.75,1.25,30,0.35,5,4,2,8,7,1,21.10673,5.276682,1.930828,5.672468
perp_gap_fade_e0p5_x0p1_tp0p75_sl1p25_h30_n0p35_m8,perp_gap,fade,0.5,0.1,0.75,1.25,30,0.35,8,4,2,8,7,1,21.10673,5.276682,1.930828,5.672468
perp_gap_fade_e0p5_x0p1_tp0p75_sl2p5_h30_n0p35_m2,perp_gap,fade,0.5,0.1,0.75,2.5,30,0.35,2,4,2,8,7,1,21.10673,5.276682,1.930828,5.672468
perp_gap_fade_e0p5_x0p1_tp0p75_sl2p5_h30_n0p35_m5,perp_gap,fade,0.5,0.1,0.75,2.5,30,0.35,5,4,2,8,7,1,21.10673,5.276682,1.930828,5.672468
perp_gap_fade_e0p5_x0p1_tp0p75_sl2p5_h30_n0p35_m8,perp_gap,fade,0.5,0.1,0.75,2.5,30,0.35,8,4,2,8,7,1,21.10673,5.276682,1.930828,5.672468
perp_gap_fade_e0p5_x0p1_tp1p25_sl0p75_h30_n0p35_m2,perp_gap,fade,0.5,0.1,1.25,0.75,30,0.35,2,4,2,8,7,1,21.10673,5.276682,1.930828,5.672468
perp_gap_fade_e0p5_x0p1_tp1p25_sl0p75_h30_n0p35_m5,perp_gap,fade,0.5,0.1,1.25,0.75,30,0.35,5,4,2,8,7,1,21.10673,5.276682,1.930828,5.672468
perp_gap_fade_e0p5_x0p1_tp1p25_sl0p75_h30_n0p35_m8,perp_gap,fade,0.5,0.1,1.25,0.75,30,0.35,8,4,2,8,7,1,21.10673,5.276682,1.930828,5.672468
perp_gap_fade_e0p5_x0p1_tp1p25_sl1p25_h30_n0p35_m2,perp_gap,fade,0.5,0.1,1.25,1.25,30,0.35,2,4,2,8,7,1,21.10673,5.276682,1.930828,5.672468
perp_gap_fade_e0p5_x0p1_tp1p25_sl1p25_h30_n0p35_m5,perp_gap,fade,0.5,0.1,1.25,1.25,30,0.35,5,4,2,8,7,1,21.10673,5.276682,1.930828,5.672468
perp_gap_fade_e0p5_x0p1_tp1p25_sl1p25_h30_n0p35_m8,perp_gap,fade,0.5,0.1,1.25,1.25,30,0.35,8,4,2,8,7,1,21.10673,5.276682,1.930828,5.672468
perp_gap_fade_e0p5_x0p1_tp1p25_sl2p5_h30_n0p35_m2,perp_gap,fade,0.5,0.1,1.25,2.5,30,0.35,2,4,2,8,7,1,21.10673,5.276682,1.930828,5.672468
perp_gap_fade_e0p5_x0p1_tp1p25_sl2p5_h30_n0p35_m5,perp_gap,fade,0.5,0.1,1.25,2.5,30,0.35,5,4,2,8,7,1,21.10673,5.276682,1.930828,5.672468
perp_gap_fade_e0p5_x0p1_tp1p25_sl2p5_h30_n0p35_m8,perp_gap,fade,0.5,0.1,1.25,2.5,30,0.35,8,4,2,8,7,1,21.10673,5.276682,1.930828,5.672468
perp_gap_fade_e0p1_x0_tp2_sl1p25_h9999_n0p35_m5,perp_gap,fade,0.1,0,2,1.25,9999,0.35,5,4,2,14,7,7,20.780755,5.195189,9.640778,9.476439
perp_gap_fade_e0p1_x0_tp2_sl1p25_h9999_n0p35_m8,perp_gap,fade,0.1,0,2,1.25,9999,0.35,8,4,2,14,7,7,20.780755,5.195189,9.640778,9.476439
perp_gap_fade_e0p2_x0_tp0p75_sl2p5_h9999_n0p35_m5,perp_gap,fade,0.2,0,0.75,2.5,9999,0.35,5,4,2,13,6,7,20.78025,5.195063,7.592325,8.672637
perp_gap_fade_e0p2_x0_tp0p75_sl2p5_h9999_n0p35_m8,perp_gap,fade,0.2,0,0.75,2.5,9999,0.35,8,4,2,13,6,7,20.78025,5.195063,7.592325,8.672637
perp_gap_fade_e0p1_x0_tp2_sl0p75_h9999_n0p35_m5,perp_gap,fade,0.1,0,2,0.75,9999,0.35,5,4,2,21,10,11,20.742655,5.185664,15.42727,14.288017
perp_gap_fade_e0p1_x0_tp2_sl0p75_h9999_n0p35_m8,perp_gap,fade,0.1,0,2,0.75,9999,0.35,8,4,2,21,10,11,20.742655,5.185664,15.42727,14.288017
perp_gap_fade_e0p2_x0_tp1p25_sl2p5_h9999_n0p35_m5,perp_gap,fade,0.2,0,1.25,2.5,9999,0.35,5,4,2,11,4,7,20.668086,5.167022,7.592325,7.343065
perp_gap_fade_e0p2_x0_tp1p25_sl2p5_h9999_n0p35_m8,perp_gap,fade,0.2,0,1.25,2.5,9999,0.35,8,4,2,11,4,7,20.668086,5.167022,7.592325,7.343065
perp_gap_fade_e0p35_x0_tp0p75_sl0p75_h30_n0p35_m2,perp_gap,fade,0.35,0,0.75,0.75,30,0.35,2,4,2,29,17,12,20.478121,5.11953,8.971137,20.482909
perp_gap_fade_e0p35_x0_tp2_sl1p25_h30_n0p2_m5,perp_gap,fade,0.35,0,2,1.25,30,0.2,5,4,2,30,18,12,20.429576,5.107394,4.846499,12.084263
perp_gap_fade_e0p35_x0_tp2_sl1p25_h30_n0p2_m8,perp_gap,fade,0.35,0,2,1.25,30,0.2,8,4,2,30,18,12,20.429576,5.107394,4.846499,12.084263
perp_gap_fade_e0p35_x0_tp2_sl2p5_h30_n0p2_m5,perp_gap,fade,0.35,0,2,2.5,30,0.2,5,4,2,30,18,12,20.429576,5.107394,4.846499,12.084263
perp_gap_fade_e0p35_x0_tp2_sl2p5_h30_n0p2_m8,perp_gap,fade,0.35,0,2,2.5,30,0.2,8,4,2,30,18,12,20.429576,5.107394,4.846499,12.084263
perp_gap_fade_e0p5_x0p1_tp2_sl0p75_h9999_n0p35_m2,perp_gap,fade,0.5,0.1,2,0.75,9999,0.35,2,4,2,7,6,1,20.372528,5.093132,4.231166,4.959493
perp_gap_fade_e0p5_x0p1_tp2_sl0p75_h9999_n0p35_m5,perp_gap,fade,0.5,0.1,2,0.75,9999,0.35,5,4,2,7,6,1,20.372528,5.093132,4.231166,4.959493
perp_gap_fade_e0p5_x0p1_tp2_sl0p75_h9999_n0p35_m8,perp_gap,fade,0.5,0.1,2,0.75,9999,0.35,8,4,2,7,6,1,20.372528,5.093132,4.231166,4.959493
perp_gap_fade_e0p35_x0p1_tp2_sl0p75_h30_n0p35_m2,perp_gap,fade,0.35,0.1,2,0.75,30,0.35,2,4,2,30,17,13,20.345769,5.086442,9.574233,21.18448
perp_gap_fade_e0p35_x0p1_tp2_sl0p75_h30_n0p35_m5,perp_gap,fade,0.35,0.1,2,0.75,30,0.35,5,4,2,30,17,13,20.345769,5.086442,9.574233,21.18448
perp_gap_fade_e0p35_x0p1_tp2_sl0p75_h30_n0p35_m8,perp_gap,fade,0.35,0.1,2,0.75,30,0.35,8,4,2,30,17,13,20.345769,5.086442,9.574233,21.18448
perp_gap_fade_e0p35_x0p1_tp2_sl1p25_h30_n0p35_m2,perp_gap,fade,0.35,0.1,2,1.25,30,0.35,2,4,2,30,17,13,20.345769,5.086442,9.574233,21.18448
perp_gap_fade_e0p35_x0p1_tp2_sl1p25_h30_n0p35_m5,perp_gap,fade,0.35,0.1,2,1.25,30,0.35,5,4,2,30,17,13,20.345769,5.086442,9.574233,21.18448
perp_gap_fade_e0p35_x0p1_tp2_sl1p25_h30_n0p35_m8,perp_gap,fade,0.35,0.1,2,1.25,30,0.35,8,4,2,30,17,13,20.345769,5.086442,9.574233,21.18448
perp_gap_fade_e0p35_x0p1_tp2_sl2p5_h30_n0p35_m2,perp_gap,fade,0.35,0.1,2,2.5,30,0.35,2,4,2,30,17,13,20.345769,5.086442,9.574233,21.18448
perp_gap_fade_e0p35_x0p1_tp2_sl2p5_h30_n0p35_m5,perp_gap,fade,0.35,0.1,2,2.5,30,0.35,5,4,2,30,17,13,20.345769,5.086442,9.574233,21.18448
perp_gap_fade_e0p35_x0p1_tp2_sl2p5_h30_n0p35_m8,perp_gap,fade,0.35,0.1,2,2.5,30,0.35,8,4,2,30,17,13,20.345769,5.086442,9.574233,21.18448
perp_gap_fade_e0p35_x0_tp1p25_sl1p25_h9999_n0p2_m5,perp_gap,fade,0.35,0,1.25,1.25,9999,0.2,5,4,2,18,12,6,20.252715,5.063179,4.333302,7.278029
perp_gap_fade_e0p35_x0_tp1p25_sl1p25_h9999_n0p2_m8,perp_gap,fade,0.35,0,1.25,1.25,9999,0.2,8,4,2,18,12,6,20.252715,5.063179,4.333302,7.278029
perp_gap_fade_e0p35_x0_tp1p25_sl2p5_h9999_n0p2_m5,perp_gap,fade,0.35,0,1.25,2.5,9999,0.2,5,4,2,18,12,6,20.252715,5.063179,4.333302,7.278029
perp_gap_fade_e0p35_x0_tp1p25_sl2p5_h9999_n0p2_m8,perp_gap,fade,0.35,0,1.25,2.5,9999,0.2,8,4,2,18,12,6,20.252715,5.063179,4.333302,7.278029
perp_gap_fade_e0p2_x0_tp0p75_sl1p25_h9999_n0p2_m8,perp_gap,fade,0.2,0,0.75,1.25,9999,0.2,8,4,2,55,29,26,20.149996,5.037499,7.091927,20.234243
perp_gap_fade_e0p5_x0_tp0p75_sl0p75_h9999_n0p35_m2,perp_gap,fade,0.5,0,0.75,0.75,9999,0.35,2,4,2,7,6,1,20.085642,5.02141,4.229122,4.958417
perp_gap_fade_e0p5_x0_tp0p75_sl0p75_h9999_n0p35_m5,perp_gap,fade,0.5,0,0.75,0.75,9999,0.35,5,4,2,7,6,1,20.085642,5.02141,4.229122,4.958417
perp_gap_fade_e0p5_x0_tp0p75_sl0p75_h9999_n0p35_m8,perp_gap,fade,0.5,0,0.75,0.75,9999,0.35,8,4,2,7,6,1,20.085642,5.02141,4.229122,4.958417
perp_gap_fade_e0p5_x0_tp1p25_sl0p75_h9999_n0p35_m2,perp_gap,fade,0.5,0,1.25,0.75,9999,0.35,2,4,2,7,6,1,20.085642,5.02141,4.229122,4.958417
perp_gap_fade_e0p5_x0_tp1p25_sl0p75_h9999_n0p35_m5,perp_gap,fade,0.5,0,1.25,0.75,9999,0.35,5,4,2,7,6,1,20.085642,5.02141,4.229122,4.958417
