recording,config_id,source,direction,entry_pct,exit_pct,take_profit_pct,stop_loss_pct,max_hold_snapshots,notional_pct,max_concurrent,trades,fills,wins,losses,win_rate,ending_balance,net_pnl,max_drawdown,fees
2026-06-17,perp_gap_fade_e0p35_x0_tp2_sl1p25_h9999_n0p35_m2,perp_gap,fade,0.35,0,2,1.25,9999,0.35,2,8,16,8,0,1,1034.612448,34.612448,6.333389,5.737525
2026-06-17,perp_gap_fade_e0p35_x0_tp2_sl1p25_h9999_n0p35_m5,perp_gap,fade,0.35,0,2,1.25,9999,0.35,5,8,16,8,0,1,1034.612448,34.612448,6.333389,5.737525
2026-06-17,perp_gap_fade_e0p35_x0_tp2_sl1p25_h9999_n0p35_m8,perp_gap,fade,0.35,0,2,1.25,9999,0.35,8,8,16,8,0,1,1034.612448,34.612448,6.333389,5.737525
2026-06-17,perp_gap_fade_e0p35_x0_tp2_sl2p5_h9999_n0p35_m2,perp_gap,fade,0.35,0,2,2.5,9999,0.35,2,8,16,8,0,1,1034.612448,34.612448,6.333389,5.737525
2026-06-17,perp_gap_fade_e0p35_x0_tp2_sl2p5_h9999_n0p35_m5,perp_gap,fade,0.35,0,2,2.5,9999,0.35,5,8,16,8,0,1,1034.612448,34.612448,6.333389,5.737525
2026-06-17,perp_gap_fade_e0p35_x0_tp2_sl2p5_h9999_n0p35_m8,perp_gap,fade,0.35,0,2,2.5,9999,0.35,8,8,16,8,0,1,1034.612448,34.612448,6.333389,5.737525
2026-06-17,perp_gap_fade_e0p35_x0_tp2_sl0p75_h9999_n0p35_m2,perp_gap,fade,0.35,0,2,0.75,9999,0.35,2,9,18,8,1,0.888889,1033.922965,33.922965,7.052123,6.456592
2026-06-17,perp_gap_fade_e0p35_x0_tp2_sl0p75_h9999_n0p35_m5,perp_gap,fade,0.35,0,2,0.75,9999,0.35,5,9,18,8,1,0.888889,1033.922965,33.922965,7.052123,6.456592
2026-06-17,perp_gap_fade_e0p35_x0_tp2_sl0p75_h9999_n0p35_m8,perp_gap,fade,0.35,0,2,0.75,9999,0.35,8,9,18,8,1,0.888889,1033.922965,33.922965,7.052123,6.456592
2026-06-17,perp_gap_fade_e0p35_x0_tp2_sl0p75_h30_n0p35_m2,perp_gap,fade,0.35,0,2,0.75,30,0.35,2,9,18,8,1,0.888889,1032.560327,32.560327,7.052123,6.455228
2026-06-17,perp_gap_fade_e0p35_x0_tp2_sl0p75_h30_n0p35_m5,perp_gap,fade,0.35,0,2,0.75,30,0.35,5,9,18,8,1,0.888889,1032.560327,32.560327,7.052123,6.455228
2026-06-17,perp_gap_fade_e0p35_x0_tp2_sl0p75_h30_n0p35_m8,perp_gap,fade,0.35,0,2,0.75,30,0.35,8,9,18,8,1,0.888889,1032.560327,32.560327,7.052123,6.455228
2026-06-17,perp_gap_fade_e0p35_x0_tp2_sl1p25_h30_n0p35_m2,perp_gap,fade,0.35,0,2,1.25,30,0.35,2,8,16,7,1,0.875,1032.519697,32.519697,6.333389,5.735371
2026-06-17,perp_gap_fade_e0p35_x0_tp2_sl1p25_h30_n0p35_m5,perp_gap,fade,0.35,0,2,1.25,30,0.35,5,8,16,7,1,0.875,1032.519697,32.519697,6.333389,5.735371
2026-06-17,perp_gap_fade_e0p35_x0_tp2_sl1p25_h30_n0p35_m8,perp_gap,fade,0.35,0,2,1.25,30,0.35,8,8,16,7,1,0.875,1032.519697,32.519697,6.333389,5.735371
2026-06-17,perp_gap_fade_e0p35_x0_tp2_sl2p5_h30_n0p35_m2,perp_gap,fade,0.35,0,2,2.5,30,0.35,2,8,16,7,1,0.875,1032.519697,32.519697,6.333389,5.735371
2026-06-17,perp_gap_fade_e0p35_x0_tp2_sl2p5_h30_n0p35_m5,perp_gap,fade,0.35,0,2,2.5,30,0.35,5,8,16,7,1,0.875,1032.519697,32.519697,6.333389,5.735371
2026-06-17,perp_gap_fade_e0p35_x0_tp2_sl2p5_h30_n0p35_m8,perp_gap,fade,0.35,0,2,2.5,30,0.35,8,8,16,7,1,0.875,1032.519697,32.519697,6.333389,5.735371
2026-06-17,perp_gap_fade_e0p35_x0_tp2_sl0p75_h15_n0p35_m2,perp_gap,fade,0.35,0,2,0.75,15,0.35,2,10,20,9,1,0.9,1031.967315,31.967315,4.655359,7.180252
2026-06-17,perp_gap_fade_e0p35_x0_tp2_sl1p25_h15_n0p35_m2,perp_gap,fade,0.35,0,2,1.25,15,0.35,2,10,20,9,1,0.9,1031.967315,31.967315,4.655359,7.180252
2026-06-17,perp_gap_fade_e0p35_x0_tp2_sl2p5_h15_n0p35_m2,perp_gap,fade,0.35,0,2,2.5,15,0.35,2,10,20,9,1,0.9,1031.967315,31.967315,4.655359,7.180252
2026-06-17,perp_gap_fade_e0p35_x0_tp2_sl1p25_h9999_n0p5_m2,perp_gap,fade,0.35,0,2,1.25,9999,0.5,2,6,12,6,0,1,1031.648987,31.648987,9.046402,6.133337
2026-06-17,perp_gap_fade_e0p35_x0_tp2_sl1p25_h9999_n0p5_m5,perp_gap,fade,0.35,0,2,1.25,9999,0.5,5,6,12,6,0,1,1031.648987,31.648987,9.046402,6.133337
2026-06-17,perp_gap_fade_e0p35_x0_tp2_sl1p25_h9999_n0p5_m8,perp_gap,fade,0.35,0,2,1.25,9999,0.5,8,6,12,6,0,1,1031.648987,31.648987,9.046402,6.133337
2026-06-17,perp_gap_fade_e0p35_x0_tp2_sl2p5_h9999_n0p5_m2,perp_gap,fade,0.35,0,2,2.5,9999,0.5,2,6,12,6,0,1,1031.648987,31.648987,9.046402,6.133337
2026-06-17,perp_gap_fade_e0p35_x0_tp2_sl2p5_h9999_n0p5_m5,perp_gap,fade,0.35,0,2,2.5,9999,0.5,5,6,12,6,0,1,1031.648987,31.648987,9.046402,6.133337
2026-06-17,perp_gap_fade_e0p35_x0_tp2_sl2p5_h9999_n0p5_m8,perp_gap,fade,0.35,0,2,2.5,9999,0.5,8,6,12,6,0,1,1031.648987,31.648987,9.046402,6.133337
2026-06-17,perp_gap_fade_e0p35_x0_tp2_sl0p75_h15_n0p35_m5,perp_gap,fade,0.35,0,2,0.75,15,0.35,5,11,22,9,2,0.818182,1030.987183,30.987183,4.673837,7.774034
2026-06-17,perp_gap_fade_e0p35_x0_tp2_sl0p75_h15_n0p35_m8,perp_gap,fade,0.35,0,2,0.75,15,0.35,8,11,22,9,2,0.818182,1030.987183,30.987183,4.673837,7.774034
2026-06-17,perp_gap_fade_e0p35_x0_tp2_sl1p25_h15_n0p35_m5,perp_gap,fade,0.35,0,2,1.25,15,0.35,5,11,22,9,2,0.818182,1030.987183,30.987183,4.673837,7.774034
2026-06-17,perp_gap_fade_e0p35_x0_tp2_sl1p25_h15_n0p35_m8,perp_gap,fade,0.35,0,2,1.25,15,0.35,8,11,22,9,2,0.818182,1030.987183,30.987183,4.673837,7.774034
2026-06-17,perp_gap_fade_e0p35_x0_tp2_sl2p5_h15_n0p35_m5,perp_gap,fade,0.35,0,2,2.5,15,0.35,5,11,22,9,2,0.818182,1030.987183,30.987183,4.673837,7.774034
2026-06-17,perp_gap_fade_e0p35_x0_tp2_sl2p5_h15_n0p35_m8,perp_gap,fade,0.35,0,2,2.5,15,0.35,8,11,22,9,2,0.818182,1030.987183,30.987183,4.673837,7.774034
2026-06-15,perp_gap_fade_e0p1_x0_tp0p75_sl0p75_h9999_n0p5_m5,perp_gap,fade,0.1,0,0.75,0.75,9999,0.5,5,18,36,15,3,0.833333,1030.588985,30.588985,8.810422,17.30928
2026-06-15,perp_gap_fade_e0p1_x0_tp0p75_sl0p75_h9999_n0p5_m8,perp_gap,fade,0.1,0,0.75,0.75,9999,0.5,8,18,36,15,3,0.833333,1030.588985,30.588985,8.810422,17.30928
2026-06-17,perp_gap_fade_e0p35_x0_tp2_sl1p25_h30_n0p5_m2,perp_gap,fade,0.35,0,2,1.25,30,0.5,2,6,12,5,1,0.833333,1028.662519,28.662519,9.046402,6.130319
2026-06-17,perp_gap_fade_e0p35_x0_tp2_sl1p25_h30_n0p5_m5,perp_gap,fade,0.35,0,2,1.25,30,0.5,5,6,12,5,1,0.833333,1028.662519,28.662519,9.046402,6.130319
2026-06-17,perp_gap_fade_e0p35_x0_tp2_sl1p25_h30_n0p5_m8,perp_gap,fade,0.35,0,2,1.25,30,0.5,8,6,12,5,1,0.833333,1028.662519,28.662519,9.046402,6.130319
2026-06-17,perp_gap_fade_e0p35_x0_tp2_sl2p5_h30_n0p5_m2,perp_gap,fade,0.35,0,2,2.5,30,0.5,2,6,12,5,1,0.833333,1028.662519,28.662519,9.046402,6.130319
2026-06-17,perp_gap_fade_e0p35_x0_tp2_sl2p5_h30_n0p5_m5,perp_gap,fade,0.35,0,2,2.5,30,0.5,5,6,12,5,1,0.833333,1028.662519,28.662519,9.046402,6.130319
2026-06-17,perp_gap_fade_e0p35_x0_tp2_sl2p5_h30_n0p5_m8,perp_gap,fade,0.35,0,2,2.5,30,0.5,8,6,12,5,1,0.833333,1028.662519,28.662519,9.046402,6.130319
2026-06-15,perp_gap_fade_e0p5_x0p1_tp1p25_sl1p25_h9999_n0p5_m2,perp_gap,fade,0.5,0.1,1.25,1.25,9999,0.5,2,5,10,5,0,1,1028.385906,28.385906,4.950387,5.12055
2026-06-15,perp_gap_fade_e0p5_x0p1_tp1p25_sl1p25_h9999_n0p5_m5,perp_gap,fade,0.5,0.1,1.25,1.25,9999,0.5,5,5,10,5,0,1,1028.385906,28.385906,4.950387,5.12055
2026-06-15,perp_gap_fade_e0p5_x0p1_tp1p25_sl1p25_h9999_n0p5_m8,perp_gap,fade,0.5,0.1,1.25,1.25,9999,0.5,8,5,10,5,0,1,1028.385906,28.385906,4.950387,5.12055
2026-06-15,perp_gap_fade_e0p5_x0p1_tp1p25_sl2p5_h9999_n0p5_m2,perp_gap,fade,0.5,0.1,1.25,2.5,9999,0.5,2,5,10,5,0,1,1028.385906,28.385906,4.950387,5.12055
2026-06-15,perp_gap_fade_e0p5_x0p1_tp1p25_sl2p5_h9999_n0p5_m5,perp_gap,fade,0.5,0.1,1.25,2.5,9999,0.5,5,5,10,5,0,1,1028.385906,28.385906,4.950387,5.12055
2026-06-15,perp_gap_fade_e0p5_x0p1_tp1p25_sl2p5_h9999_n0p5_m8,perp_gap,fade,0.5,0.1,1.25,2.5,9999,0.5,8,5,10,5,0,1,1028.385906,28.385906,4.950387,5.12055
2026-06-15,perp_gap_fade_e0p5_x0_tp1p25_sl1p25_h9999_n0p5_m2,perp_gap,fade,0.5,0,1.25,1.25,9999,0.5,2,5,10,5,0,1,1028.18139,28.18139,4.950387,5.120345
2026-06-15,perp_gap_fade_e0p5_x0_tp1p25_sl1p25_h9999_n0p5_m5,perp_gap,fade,0.5,0,1.25,1.25,9999,0.5,5,5,10,5,0,1,1028.18139,28.18139,4.950387,5.120345
2026-06-15,perp_gap_fade_e0p5_x0_tp1p25_sl1p25_h9999_n0p5_m8,perp_gap,fade,0.5,0,1.25,1.25,9999,0.5,8,5,10,5,0,1,1028.18139,28.18139,4.950387,5.120345
2026-06-15,perp_gap_fade_e0p5_x0_tp1p25_sl2p5_h9999_n0p5_m2,perp_gap,fade,0.5,0,1.25,2.5,9999,0.5,2,5,10,5,0,1,1028.18139,28.18139,4.950387,5.120345
2026-06-15,perp_gap_fade_e0p5_x0_tp1p25_sl2p5_h9999_n0p5_m5,perp_gap,fade,0.5,0,1.25,2.5,9999,0.5,5,5,10,5,0,1,1028.18139,28.18139,4.950387,5.120345
2026-06-15,perp_gap_fade_e0p5_x0_tp1p25_sl2p5_h9999_n0p5_m8,perp_gap,fade,0.5,0,1.25,2.5,9999,0.5,8,5,10,5,0,1,1028.18139,28.18139,4.950387,5.120345
2026-06-17,perp_gap_fade_e0p35_x0_tp2_sl0p75_h15_n0p5_m2,perp_gap,fade,0.35,0,2,0.75,15,0.5,2,8,16,7,1,0.875,1027.877966,27.877966,6.643403,8.181938
2026-06-17,perp_gap_fade_e0p35_x0_tp2_sl0p75_h15_n0p5_m5,perp_gap,fade,0.35,0,2,0.75,15,0.5,5,8,16,7,1,0.875,1027.877966,27.877966,6.643403,8.181938
2026-06-17,perp_gap_fade_e0p35_x0_tp2_sl0p75_h15_n0p5_m8,perp_gap,fade,0.35,0,2,0.75,15,0.5,8,8,16,7,1,0.875,1027.877966,27.877966,6.643403,8.181938
2026-06-17,perp_gap_fade_e0p35_x0_tp2_sl1p25_h15_n0p5_m2,perp_gap,fade,0.35,0,2,1.25,15,0.5,2,8,16,7,1,0.875,1027.877966,27.877966,6.643403,8.181938
2026-06-17,perp_gap_fade_e0p35_x0_tp2_sl1p25_h15_n0p5_m5,perp_gap,fade,0.35,0,2,1.25,15,0.5,5,8,16,7,1,0.875,1027.877966,27.877966,6.643403,8.181938
2026-06-17,perp_gap_fade_e0p35_x0_tp2_sl1p25_h15_n0p5_m8,perp_gap,fade,0.35,0,2,1.25,15,0.5,8,8,16,7,1,0.875,1027.877966,27.877966,6.643403,8.181938
2026-06-17,perp_gap_fade_e0p35_x0_tp2_sl2p5_h15_n0p5_m2,perp_gap,fade,0.35,0,2,2.5,15,0.5,2,8,16,7,1,0.875,1027.877966,27.877966,6.643403,8.181938
2026-06-17,perp_gap_fade_e0p35_x0_tp2_sl2p5_h15_n0p5_m5,perp_gap,fade,0.35,0,2,2.5,15,0.5,5,8,16,7,1,0.875,1027.877966,27.877966,6.643403,8.181938
2026-06-17,perp_gap_fade_e0p35_x0_tp2_sl2p5_h15_n0p5_m8,perp_gap,fade,0.35,0,2,2.5,15,0.5,8,8,16,7,1,0.875,1027.877966,27.877966,6.643403,8.181938
2026-06-17,perp_gap_fade_e0p35_x0_tp2_sl0p75_h9999_n0p5_m2,perp_gap,fade,0.35,0,2,0.75,9999,0.5,2,5,10,4,1,0.8,1027.541644,27.541644,9.55736,5.10121
2026-06-17,perp_gap_fade_e0p35_x0_tp2_sl0p75_h9999_n0p5_m5,perp_gap,fade,0.35,0,2,0.75,9999,0.5,5,5,10,4,1,0.8,1027.541644,27.541644,9.55736,5.10121
2026-06-17,perp_gap_fade_e0p35_x0_tp2_sl0p75_h9999_n0p5_m8,perp_gap,fade,0.35,0,2,0.75,9999,0.5,8,5,10,4,1,0.8,1027.541644,27.541644,9.55736,5.10121
2026-06-15,perp_gap_fade_e0p1_x0_tp0p75_sl1p25_h9999_n0p5_m5,perp_gap,fade,0.1,0,0.75,1.25,9999,0.5,5,16,32,13,3,0.8125,1027.159454,27.159454,7.759278,14.291402
2026-06-15,perp_gap_fade_e0p1_x0_tp0p75_sl1p25_h9999_n0p5_m8,perp_gap,fade,0.1,0,0.75,1.25,9999,0.5,8,16,32,13,3,0.8125,1027.159454,27.159454,7.759278,14.291402
2026-06-15,perp_gap_fade_e0p1_x0_tp0p75_sl1p25_h9999_n0p5_m2,perp_gap,fade,0.1,0,0.75,1.25,9999,0.5,2,14,28,12,2,0.857143,1027.084107,27.084107,7.798321,14.258018
2026-06-17,perp_gap_fade_e0p35_x0_tp2_sl0p75_h30_n0p5_m2,perp_gap,fade,0.35,0,2,0.75,30,0.5,2,6,12,5,1,0.833333,1026.153794,26.153794,9.55736,6.127243
2026-06-17,perp_gap_fade_e0p35_x0_tp2_sl0p75_h30_n0p5_m5,perp_gap,fade,0.35,0,2,0.75,30,0.5,5,6,12,5,1,0.833333,1026.153794,26.153794,9.55736,6.127243
2026-06-17,perp_gap_fade_e0p35_x0_tp2_sl0p75_h30_n0p5_m8,perp_gap,fade,0.35,0,2,0.75,30,0.5,8,6,12,5,1,0.833333,1026.153794,26.153794,9.55736,6.127243
2026-06-15,perp_gap_fade_e0p5_x0p1_tp0p75_sl1p25_h9999_n0p5_m2,perp_gap,fade,0.5,0.1,0.75,1.25,9999,0.5,2,5,10,5,0,1,1025.486497,25.486497,4.950387,5.111856
2026-06-15,perp_gap_fade_e0p5_x0p1_tp0p75_sl1p25_h9999_n0p5_m5,perp_gap,fade,0.5,0.1,0.75,1.25,9999,0.5,5,5,10,5,0,1,1025.486497,25.486497,4.950387,5.111856
2026-06-15,perp_gap_fade_e0p5_x0p1_tp0p75_sl1p25_h9999_n0p5_m8,perp_gap,fade,0.5,0.1,0.75,1.25,9999,0.5,8,5,10,5,0,1,1025.486497,25.486497,4.950387,5.111856
2026-06-15,perp_gap_fade_e0p5_x0p1_tp0p75_sl2p5_h9999_n0p5_m2,perp_gap,fade,0.5,0.1,0.75,2.5,9999,0.5,2,5,10,5,0,1,1025.486497,25.486497,4.950387,5.111856
2026-06-15,perp_gap_fade_e0p5_x0p1_tp0p75_sl2p5_h9999_n0p5_m5,perp_gap,fade,0.5,0.1,0.75,2.5,9999,0.5,5,5,10,5,0,1,1025.486497,25.486497,4.950387,5.111856
2026-06-15,perp_gap_fade_e0p5_x0p1_tp0p75_sl2p5_h9999_n0p5_m8,perp_gap,fade,0.5,0.1,0.75,2.5,9999,0.5,8,5,10,5,0,1,1025.486497,25.486497,4.950387,5.111856
2026-06-15,perp_gap_fade_e0p5_x0_tp0p75_sl1p25_h9999_n0p5_m2,perp_gap,fade,0.5,0,0.75,1.25,9999,0.5,2,5,10,5,0,1,1025.282558,25.282558,4.950387,5.111652
2026-06-15,perp_gap_fade_e0p5_x0_tp0p75_sl1p25_h9999_n0p5_m5,perp_gap,fade,0.5,0,0.75,1.25,9999,0.5,5,5,10,5,0,1,1025.282558,25.282558,4.950387,5.111652
2026-06-15,perp_gap_fade_e0p5_x0_tp0p75_sl1p25_h9999_n0p5_m8,perp_gap,fade,0.5,0,0.75,1.25,9999,0.5,8,5,10,5,0,1,1025.282558,25.282558,4.950387,5.111652
2026-06-15,perp_gap_fade_e0p5_x0_tp0p75_sl2p5_h9999_n0p5_m2,perp_gap,fade,0.5,0,0.75,2.5,9999,0.5,2,5,10,5,0,1,1025.282558,25.282558,4.950387,5.111652
2026-06-15,perp_gap_fade_e0p5_x0_tp0p75_sl2p5_h9999_n0p5_m5,perp_gap,fade,0.5,0,0.75,2.5,9999,0.5,5,5,10,5,0,1,1025.282558,25.282558,4.950387,5.111652
2026-06-15,perp_gap_fade_e0p5_x0_tp0p75_sl2p5_h9999_n0p5_m8,perp_gap,fade,0.5,0,0.75,2.5,9999,0.5,8,5,10,5,0,1,1025.282558,25.282558,4.950387,5.111652
2026-06-15,perp_gap_fade_e0p5_x0p1_tp2_sl1p25_h9999_n0p5_m2,perp_gap,fade,0.5,0.1,2,1.25,9999,0.5,2,5,10,5,0,1,1025.163792,25.163792,7.307065,5.111592
2026-06-15,perp_gap_fade_e0p5_x0p1_tp2_sl1p25_h9999_n0p5_m5,perp_gap,fade,0.5,0.1,2,1.25,9999,0.5,5,5,10,5,0,1,1025.163792,25.163792,7.307065,5.111592
2026-06-15,perp_gap_fade_e0p5_x0p1_tp2_sl1p25_h9999_n0p5_m8,perp_gap,fade,0.5,0.1,2,1.25,9999,0.5,8,5,10,5,0,1,1025.163792,25.163792,7.307065,5.111592
2026-06-15,perp_gap_fade_e0p5_x0p1_tp2_sl2p5_h9999_n0p5_m2,perp_gap,fade,0.5,0.1,2,2.5,9999,0.5,2,5,10,5,0,1,1025.163792,25.163792,7.307065,5.111592
2026-06-15,perp_gap_fade_e0p5_x0p1_tp2_sl2p5_h9999_n0p5_m5,perp_gap,fade,0.5,0.1,2,2.5,9999,0.5,5,5,10,5,0,1,1025.163792,25.163792,7.307065,5.111592
2026-06-15,perp_gap_fade_e0p5_x0p1_tp2_sl2p5_h9999_n0p5_m8,perp_gap,fade,0.5,0.1,2,2.5,9999,0.5,8,5,10,5,0,1,1025.163792,25.163792,7.307065,5.111592
2026-06-15,perp_gap_fade_e0p5_x0_tp2_sl1p25_h9999_n0p5_m2,perp_gap,fade,0.5,0,2,1.25,9999,0.5,2,4,8,4,0,1,1024.943189,24.943189,7.222283,4.085223
2026-06-15,perp_gap_fade_e0p5_x0_tp2_sl1p25_h9999_n0p5_m5,perp_gap,fade,0.5,0,2,1.25,9999,0.5,5,4,8,4,0,1,1024.943189,24.943189,7.222283,4.085223
2026-06-15,perp_gap_fade_e0p5_x0_tp2_sl1p25_h9999_n0p5_m8,perp_gap,fade,0.5,0,2,1.25,9999,0.5,8,4,8,4,0,1,1024.943189,24.943189,7.222283,4.085223
2026-06-15,perp_gap_fade_e0p5_x0_tp2_sl2p5_h9999_n0p5_m2,perp_gap,fade,0.5,0,2,2.5,9999,0.5,2,4,8,4,0,1,1024.943189,24.943189,7.222283,4.085223
2026-06-15,perp_gap_fade_e0p5_x0_tp2_sl2p5_h9999_n0p5_m5,perp_gap,fade,0.5,0,2,2.5,9999,0.5,5,4,8,4,0,1,1024.943189,24.943189,7.222283,4.085223
2026-06-15,perp_gap_fade_e0p5_x0_tp2_sl2p5_h9999_n0p5_m8,perp_gap,fade,0.5,0,2,2.5,9999,0.5,8,4,8,4,0,1,1024.943189,24.943189,7.222283,4.085223
2026-06-15,perp_gap_fade_e0p35_x0p1_tp2_sl0p75_h9999_n0p5_m2,perp_gap,fade,0.35,0.1,2,0.75,9999,0.5,2,10,20,7,3,0.7,1024.371816,24.371816,5.955443,10.197728
2026-06-15,perp_gap_fade_e0p35_x0p1_tp2_sl0p75_h9999_n0p5_m5,perp_gap,fade,0.35,0.1,2,0.75,9999,0.5,5,10,20,7,3,0.7,1024.371816,24.371816,5.955443,10.197728
2026-06-15,perp_gap_fade_e0p35_x0p1_tp2_sl0p75_h9999_n0p5_m8,perp_gap,fade,0.35,0.1,2,0.75,9999,0.5,8,10,20,7,3,0.7,1024.371816,24.371816,5.955443,10.197728
2026-06-15,perp_gap_fade_e0p35_x0p1_tp2_sl1p25_h9999_n0p5_m2,perp_gap,fade,0.35,0.1,2,1.25,9999,0.5,2,10,20,7,3,0.7,1024.371816,24.371816,5.955443,10.197728
2026-06-15,perp_gap_fade_e0p35_x0p1_tp2_sl1p25_h9999_n0p5_m5,perp_gap,fade,0.35,0.1,2,1.25,9999,0.5,5,10,20,7,3,0.7,1024.371816,24.371816,5.955443,10.197728
2026-06-15,perp_gap_fade_e0p35_x0p1_tp2_sl1p25_h9999_n0p5_m8,perp_gap,fade,0.35,0.1,2,1.25,9999,0.5,8,10,20,7,3,0.7,1024.371816,24.371816,5.955443,10.197728
2026-06-15,perp_gap_fade_e0p35_x0p1_tp2_sl2p5_h9999_n0p5_m2,perp_gap,fade,0.35,0.1,2,2.5,9999,0.5,2,10,20,7,3,0.7,1024.371816,24.371816,5.955443,10.197728
2026-06-15,perp_gap_fade_e0p35_x0p1_tp2_sl2p5_h9999_n0p5_m5,perp_gap,fade,0.35,0.1,2,2.5,9999,0.5,5,10,20,7,3,0.7,1024.371816,24.371816,5.955443,10.197728
2026-06-15,perp_gap_fade_e0p35_x0p1_tp2_sl2p5_h9999_n0p5_m8,perp_gap,fade,0.35,0.1,2,2.5,9999,0.5,8,10,20,7,3,0.7,1024.371816,24.371816,5.955443,10.197728
2026-06-17,perp_gap_fade_e0p35_x0_tp0p75_sl0p75_h30_n0p35_m2,perp_gap,fade,0.35,0,0.75,0.75,30,0.35,2,10,20,9,1,0.9,1024.319575,24.319575,1.854842,7.114402
2026-06-17,perp_gap_fade_e0p35_x0_tp0p75_sl0p75_h30_n0p35_m5,perp_gap,fade,0.35,0,0.75,0.75,30,0.35,5,10,20,9,1,0.9,1024.319575,24.319575,1.854842,7.114402
2026-06-17,perp_gap_fade_e0p35_x0_tp0p75_sl0p75_h30_n0p35_m8,perp_gap,fade,0.35,0,0.75,0.75,30,0.35,8,10,20,9,1,0.9,1024.319575,24.319575,1.854842,7.114402
2026-06-17,perp_gap_fade_e0p35_x0_tp0p75_sl0p75_h9999_n0p35_m2,perp_gap,fade,0.35,0,0.75,0.75,9999,0.35,2,10,20,9,1,0.9,1024.319575,24.319575,1.854842,7.114402
2026-06-17,perp_gap_fade_e0p35_x0_tp0p75_sl0p75_h9999_n0p35_m5,perp_gap,fade,0.35,0,0.75,0.75,9999,0.35,5,10,20,9,1,0.9,1024.319575,24.319575,1.854842,7.114402
2026-06-17,perp_gap_fade_e0p35_x0_tp0p75_sl0p75_h9999_n0p35_m8,perp_gap,fade,0.35,0,0.75,0.75,9999,0.35,8,10,20,9,1,0.9,1024.319575,24.319575,1.854842,7.114402
2026-06-17,perp_gap_fade_e0p35_x0_tp0p75_sl1p25_h30_n0p35_m2,perp_gap,fade,0.35,0,0.75,1.25,30,0.35,2,10,20,9,1,0.9,1024.319575,24.319575,1.854842,7.114402
2026-06-17,perp_gap_fade_e0p35_x0_tp0p75_sl1p25_h30_n0p35_m5,perp_gap,fade,0.35,0,0.75,1.25,30,0.35,5,10,20,9,1,0.9,1024.319575,24.319575,1.854842,7.114402
2026-06-17,perp_gap_fade_e0p35_x0_tp0p75_sl1p25_h30_n0p35_m8,perp_gap,fade,0.35,0,0.75,1.25,30,0.35,8,10,20,9,1,0.9,1024.319575,24.319575,1.854842,7.114402
2026-06-17,perp_gap_fade_e0p35_x0_tp0p75_sl1p25_h9999_n0p35_m2,perp_gap,fade,0.35,0,0.75,1.25,9999,0.35,2,10,20,9,1,0.9,1024.319575,24.319575,1.854842,7.114402
2026-06-17,perp_gap_fade_e0p35_x0_tp0p75_sl1p25_h9999_n0p35_m5,perp_gap,fade,0.35,0,0.75,1.25,9999,0.35,5,10,20,9,1,0.9,1024.319575,24.319575,1.854842,7.114402
2026-06-17,perp_gap_fade_e0p35_x0_tp0p75_sl1p25_h9999_n0p35_m8,perp_gap,fade,0.35,0,0.75,1.25,9999,0.35,8,10,20,9,1,0.9,1024.319575,24.319575,1.854842,7.114402
2026-06-17,perp_gap_fade_e0p35_x0_tp0p75_sl2p5_h30_n0p35_m2,perp_gap,fade,0.35,0,0.75,2.5,30,0.35,2,10,20,9,1,0.9,1024.319575,24.319575,1.854842,7.114402
2026-06-17,perp_gap_fade_e0p35_x0_tp0p75_sl2p5_h30_n0p35_m5,perp_gap,fade,0.35,0,0.75,2.5,30,0.35,5,10,20,9,1,0.9,1024.319575,24.319575,1.854842,7.114402
2026-06-17,perp_gap_fade_e0p35_x0_tp0p75_sl2p5_h30_n0p35_m8,perp_gap,fade,0.35,0,0.75,2.5,30,0.35,8,10,20,9,1,0.9,1024.319575,24.319575,1.854842,7.114402
2026-06-17,perp_gap_fade_e0p35_x0_tp0p75_sl2p5_h9999_n0p35_m2,perp_gap,fade,0.35,0,0.75,2.5,9999,0.35,2,10,20,9,1,0.9,1024.319575,24.319575,1.854842,7.114402
2026-06-17,perp_gap_fade_e0p35_x0_tp0p75_sl2p5_h9999_n0p35_m5,perp_gap,fade,0.35,0,0.75,2.5,9999,0.35,5,10,20,9,1,0.9,1024.319575,24.319575,1.854842,7.114402
2026-06-17,perp_gap_fade_e0p35_x0_tp0p75_sl2p5_h9999_n0p35_m8,perp_gap,fade,0.35,0,0.75,2.5,9999,0.35,8,10,20,9,1,0.9,1024.319575,24.319575,1.854842,7.114402
2026-06-17,perp_gap_fade_e0p35_x0_tp1p25_sl1p25_h9999_n0p35_m2,perp_gap,fade,0.35,0,1.25,1.25,9999,0.35,2,9,18,8,1,0.888889,1023.581276,23.581276,6.265862,6.400319
2026-06-17,perp_gap_fade_e0p35_x0_tp1p25_sl1p25_h9999_n0p35_m5,perp_gap,fade,0.35,0,1.25,1.25,9999,0.35,5,9,18,8,1,0.888889,1023.581276,23.581276,6.265862,6.400319
2026-06-17,perp_gap_fade_e0p35_x0_tp1p25_sl1p25_h9999_n0p35_m8,perp_gap,fade,0.35,0,1.25,1.25,9999,0.35,8,9,18,8,1,0.888889,1023.581276,23.581276,6.265862,6.400319
2026-06-17,perp_gap_fade_e0p35_x0_tp1p25_sl2p5_h9999_n0p35_m2,perp_gap,fade,0.35,0,1.25,2.5,9999,0.35,2,9,18,8,1,0.888889,1023.581276,23.581276,6.265862,6.400319
2026-06-17,perp_gap_fade_e0p35_x0_tp1p25_sl2p5_h9999_n0p35_m5,perp_gap,fade,0.35,0,1.25,2.5,9999,0.35,5,9,18,8,1,0.888889,1023.581276,23.581276,6.265862,6.400319
2026-06-17,perp_gap_fade_e0p35_x0_tp1p25_sl2p5_h9999_n0p35_m8,perp_gap,fade,0.35,0,1.25,2.5,9999,0.35,8,9,18,8,1,0.888889,1023.581276,23.581276,6.265862,6.400319
2026-06-15,perp_gap_fade_e0p2_x0_tp0p75_sl1p25_h9999_n0p5_m2,perp_gap,fade,0.2,0,0.75,1.25,9999,0.5,2,14,28,11,3,0.785714,1023.240962,23.240962,7.798321,14.24657
2026-06-17,perp_gap_fade_e0p35_x0_tp1p25_sl0p75_h9999_n0p35_m2,perp_gap,fade,0.35,0,1.25,0.75,9999,0.35,2,10,20,8,2,0.8,1022.899144,22.899144,6.976933,7.111719
2026-06-17,perp_gap_fade_e0p35_x0_tp1p25_sl0p75_h9999_n0p35_m5,perp_gap,fade,0.35,0,1.25,0.75,9999,0.35,5,10,20,8,2,0.8,1022.899144,22.899144,6.976933,7.111719
2026-06-17,perp_gap_fade_e0p35_x0_tp1p25_sl0p75_h9999_n0p35_m8,perp_gap,fade,0.35,0,1.25,0.75,9999,0.35,8,10,20,8,2,0.8,1022.899144,22.899144,6.976933,7.111719
2026-06-15,perp_gap_fade_e0p2_x0_tp0p75_sl0p75_h9999_n0p5_m5,perp_gap,fade,0.2,0,0.75,0.75,9999,0.5,5,18,36,14,4,0.777778,1022.627616,22.627616,8.810422,17.296347
2026-06-15,perp_gap_fade_e0p2_x0_tp0p75_sl0p75_h9999_n0p5_m8,perp_gap,fade,0.2,0,0.75,0.75,9999,0.5,8,18,36,14,4,0.777778,1022.627616,22.627616,8.810422,17.296347
2026-06-15,perp_gap_fade_e0p35_x0p1_tp2_sl0p75_h9999_n0p35_m5,perp_gap,fade,0.35,0.1,2,0.75,9999,0.35,5,15,30,12,3,0.8,1022.539074,22.539074,3.813258,10.594501
2026-06-15,perp_gap_fade_e0p35_x0p1_tp2_sl0p75_h9999_n0p35_m8,perp_gap,fade,0.35,0.1,2,0.75,9999,0.35,8,15,30,12,3,0.8,1022.539074,22.539074,3.813258,10.594501
2026-06-15,perp_gap_fade_e0p35_x0p1_tp2_sl1p25_h9999_n0p35_m5,perp_gap,fade,0.35,0.1,2,1.25,9999,0.35,5,15,30,12,3,0.8,1022.539074,22.539074,3.813258,10.594501
2026-06-15,perp_gap_fade_e0p35_x0p1_tp2_sl1p25_h9999_n0p35_m8,perp_gap,fade,0.35,0.1,2,1.25,9999,0.35,8,15,30,12,3,0.8,1022.539074,22.539074,3.813258,10.594501
2026-06-15,perp_gap_fade_e0p35_x0p1_tp2_sl2p5_h9999_n0p35_m5,perp_gap,fade,0.35,0.1,2,2.5,9999,0.35,5,15,30,12,3,0.8,1022.539074,22.539074,3.813258,10.594501
2026-06-15,perp_gap_fade_e0p35_x0p1_tp2_sl2p5_h9999_n0p35_m8,perp_gap,fade,0.35,0.1,2,2.5,9999,0.35,8,15,30,12,3,0.8,1022.539074,22.539074,3.813258,10.594501
2026-06-17,perp_gap_fade_e0p35_x0p1_tp2_sl0p75_h9999_n0p35_m2,perp_gap,fade,0.35,0.1,2,0.75,9999,0.35,2,11,22,9,2,0.818182,1022.000165,22.000165,5.16707,7.828863
2026-06-17,perp_gap_fade_e0p35_x0p1_tp2_sl0p75_h9999_n0p35_m5,perp_gap,fade,0.35,0.1,2,0.75,9999,0.35,5,11,22,9,2,0.818182,1022.000165,22.000165,5.16707,7.828863
2026-06-17,perp_gap_fade_e0p35_x0p1_tp2_sl0p75_h9999_n0p35_m8,perp_gap,fade,0.35,0.1,2,0.75,9999,0.35,8,11,22,9,2,0.818182,1022.000165,22.000165,5.16707,7.828863
2026-06-17,perp_gap_fade_e0p35_x0p1_tp2_sl1p25_h9999_n0p35_m2,perp_gap,fade,0.35,0.1,2,1.25,9999,0.35,2,11,22,9,2,0.818182,1022.000165,22.000165,5.16707,7.828863
2026-06-17,perp_gap_fade_e0p35_x0p1_tp2_sl1p25_h9999_n0p35_m5,perp_gap,fade,0.35,0.1,2,1.25,9999,0.35,5,11,22,9,2,0.818182,1022.000165,22.000165,5.16707,7.828863
2026-06-17,perp_gap_fade_e0p35_x0p1_tp2_sl1p25_h9999_n0p35_m8,perp_gap,fade,0.35,0.1,2,1.25,9999,0.35,8,11,22,9,2,0.818182,1022.000165,22.000165,5.16707,7.828863
2026-06-17,perp_gap_fade_e0p35_x0p1_tp2_sl2p5_h9999_n0p35_m2,perp_gap,fade,0.35,0.1,2,2.5,9999,0.35,2,11,22,9,2,0.818182,1022.000165,22.000165,5.16707,7.828863
2026-06-17,perp_gap_fade_e0p35_x0p1_tp2_sl2p5_h9999_n0p35_m5,perp_gap,fade,0.35,0.1,2,2.5,9999,0.35,5,11,22,9,2,0.818182,1022.000165,22.000165,5.16707,7.828863
2026-06-17,perp_gap_fade_e0p35_x0p1_tp2_sl2p5_h9999_n0p35_m8,perp_gap,fade,0.35,0.1,2,2.5,9999,0.35,8,11,22,9,2,0.818182,1022.000165,22.000165,5.16707,7.828863
2026-06-15,perp_gap_fade_e0p2_x0_tp0p75_sl1p25_h9999_n0p5_m5,perp_gap,fade,0.2,0,0.75,1.25,9999,0.5,5,15,30,12,3,0.8,1021.962255,21.962255,7.759278,13.255367
2026-06-15,perp_gap_fade_e0p2_x0_tp0p75_sl1p25_h9999_n0p5_m8,perp_gap,fade,0.2,0,0.75,1.25,9999,0.5,8,15,30,12,3,0.8,1021.962255,21.962255,7.759278,13.255367
2026-06-15,perp_gap_fade_e0p35_x0_tp2_sl1p25_h9999_n0p35_m5,perp_gap,fade,0.35,0,2,1.25,9999,0.35,5,9,18,7,2,0.777778,1021.748713,21.748713,5.365394,6.214088
2026-06-15,perp_gap_fade_e0p35_x0_tp2_sl1p25_h9999_n0p35_m8,perp_gap,fade,0.35,0,2,1.25,9999,0.35,8,9,18,7,2,0.777778,1021.748713,21.748713,5.365394,6.214088
2026-06-15,perp_gap_fade_e0p35_x0_tp2_sl2p5_h9999_n0p35_m5,perp_gap,fade,0.35,0,2,2.5,9999,0.35,5,9,18,7,2,0.777778,1021.748713,21.748713,5.365394,6.214088
2026-06-15,perp_gap_fade_e0p35_x0_tp2_sl2p5_h9999_n0p35_m8,perp_gap,fade,0.35,0,2,2.5,9999,0.35,8,9,18,7,2,0.777778,1021.748713,21.748713,5.365394,6.214088
2026-06-15,perp_gap_fade_e0p35_x0p1_tp2_sl0p75_h9999_n0p35_m2,perp_gap,fade,0.35,0.1,2,0.75,9999,0.35,2,14,28,11,3,0.785714,1021.636578,21.636578,3.74274,9.981728
2026-06-15,perp_gap_fade_e0p35_x0p1_tp2_sl1p25_h9999_n0p35_m2,perp_gap,fade,0.35,0.1,2,1.25,9999,0.35,2,14,28,11,3,0.785714,1021.636578,21.636578,3.74274,9.981728
2026-06-15,perp_gap_fade_e0p35_x0p1_tp2_sl2p5_h9999_n0p35_m2,perp_gap,fade,0.35,0.1,2,2.5,9999,0.35,2,14,28,11,3,0.785714,1021.636578,21.636578,3.74274,9.981728
2026-06-15,perp_gap_fade_e0p35_x0_tp2_sl0p75_h9999_n0p35_m5,perp_gap,fade,0.35,0,2,0.75,9999,0.35,5,10,20,8,2,0.8,1021.562323,21.562323,5.86181,6.929334
2026-06-15,perp_gap_fade_e0p35_x0_tp2_sl0p75_h9999_n0p35_m8,perp_gap,fade,0.35,0,2,0.75,9999,0.35,8,10,20,8,2,0.8,1021.562323,21.562323,5.86181,6.929334
2026-06-17,perp_gap_fade_e0p35_x0_tp1p25_sl0p75_h30_n0p35_m2,perp_gap,fade,0.35,0,1.25,0.75,30,0.35,2,10,20,8,2,0.8,1021.551035,21.551035,6.976933,7.11037
2026-06-17,perp_gap_fade_e0p35_x0_tp1p25_sl0p75_h30_n0p35_m5,perp_gap,fade,0.35,0,1.25,0.75,30,0.35,5,10,20,8,2,0.8,1021.551035,21.551035,6.976933,7.11037
2026-06-17,perp_gap_fade_e0p35_x0_tp1p25_sl0p75_h30_n0p35_m8,perp_gap,fade,0.35,0,1.25,0.75,30,0.35,8,10,20,8,2,0.8,1021.551035,21.551035,6.976933,7.11037
2026-06-17,perp_gap_fade_e0p35_x0_tp1p25_sl1p25_h30_n0p35_m2,perp_gap,fade,0.35,0,1.25,1.25,30,0.35,2,9,18,7,2,0.777778,1021.510838,21.510838,6.265862,6.398188
2026-06-17,perp_gap_fade_e0p35_x0_tp1p25_sl1p25_h30_n0p35_m5,perp_gap,fade,0.35,0,1.25,1.25,30,0.35,5,9,18,7,2,0.777778,1021.510838,21.510838,6.265862,6.398188
2026-06-17,perp_gap_fade_e0p35_x0_tp1p25_sl1p25_h30_n0p35_m8,perp_gap,fade,0.35,0,1.25,1.25,30,0.35,8,9,18,7,2,0.777778,1021.510838,21.510838,6.265862,6.398188
2026-06-17,perp_gap_fade_e0p35_x0_tp1p25_sl2p5_h30_n0p35_m2,perp_gap,fade,0.35,0,1.25,2.5,30,0.35,2,9,18,7,2,0.777778,1021.510838,21.510838,6.265862,6.398188
2026-06-17,perp_gap_fade_e0p35_x0_tp1p25_sl2p5_h30_n0p35_m5,perp_gap,fade,0.35,0,1.25,2.5,30,0.35,5,9,18,7,2,0.777778,1021.510838,21.510838,6.265862,6.398188
2026-06-17,perp_gap_fade_e0p35_x0_tp1p25_sl2p5_h30_n0p35_m8,perp_gap,fade,0.35,0,1.25,2.5,30,0.35,8,9,18,7,2,0.777778,1021.510838,21.510838,6.265862,6.398188
2026-06-15,perp_gap_fade_e0p1_x0_tp0p75_sl2p5_h9999_n0p5_m5,perp_gap,fade,0.1,0,0.75,2.5,9999,0.5,5,9,18,7,2,0.777778,1021.487307,21.487307,5.897312,8.145397
2026-06-15,perp_gap_fade_e0p1_x0_tp0p75_sl2p5_h9999_n0p5_m8,perp_gap,fade,0.1,0,0.75,2.5,9999,0.5,8,9,18,7,2,0.777778,1021.487307,21.487307,5.897312,8.145397
2026-06-15,perp_gap_fade_e0p2_x0_tp0p75_sl2p5_h9999_n0p5_m5,perp_gap,fade,0.2,0,0.75,2.5,9999,0.5,5,9,18,7,2,0.777778,1021.487307,21.487307,5.897312,8.145397
2026-06-15,perp_gap_fade_e0p2_x0_tp0p75_sl2p5_h9999_n0p5_m8,perp_gap,fade,0.2,0,0.75,2.5,9999,0.5,8,9,18,7,2,0.777778,1021.487307,21.487307,5.897312,8.145397
2026-06-17,perp_gap_fade_e0p5_x0_tp2_sl0p75_h30_n0p5_m2,perp_gap,fade,0.5,0,2,0.75,30,0.5,2,4,8,4,0,1,1021.47857,21.47857,0.962462,4.064057
2026-06-17,perp_gap_fade_e0p5_x0_tp2_sl0p75_h30_n0p5_m5,perp_gap,fade,0.5,0,2,0.75,30,0.5,5,4,8,4,0,1,1021.47857,21.47857,0.962462,4.064057
2026-06-17,perp_gap_fade_e0p5_x0_tp2_sl0p75_h30_n0p5_m8,perp_gap,fade,0.5,0,2,0.75,30,0.5,8,4,8,4,0,1,1021.47857,21.47857,0.962462,4.064057
2026-06-17,perp_gap_fade_e0p5_x0_tp2_sl0p75_h9999_n0p5_m2,perp_gap,fade,0.5,0,2,0.75,9999,0.5,2,4,8,4,0,1,1021.47857,21.47857,0.962462,4.064057
2026-06-17,perp_gap_fade_e0p5_x0_tp2_sl0p75_h9999_n0p5_m5,perp_gap,fade,0.5,0,2,0.75,9999,0.5,5,4,8,4,0,1,1021.47857,21.47857,0.962462,4.064057
2026-06-17,perp_gap_fade_e0p5_x0_tp2_sl0p75_h9999_n0p5_m8,perp_gap,fade,0.5,0,2,0.75,9999,0.5,8,4,8,4,0,1,1021.47857,21.47857,0.962462,4.064057
2026-06-17,perp_gap_fade_e0p5_x0_tp2_sl1p25_h30_n0p5_m2,perp_gap,fade,0.5,0,2,1.25,30,0.5,2,4,8,4,0,1,1021.47857,21.47857,0.962462,4.064057
2026-06-17,perp_gap_fade_e0p5_x0_tp2_sl1p25_h30_n0p5_m5,perp_gap,fade,0.5,0,2,1.25,30,0.5,5,4,8,4,0,1,1021.47857,21.47857,0.962462,4.064057
2026-06-17,perp_gap_fade_e0p5_x0_tp2_sl1p25_h30_n0p5_m8,perp_gap,fade,0.5,0,2,1.25,30,0.5,8,4,8,4,0,1,1021.47857,21.47857,0.962462,4.064057
2026-06-17,perp_gap_fade_e0p5_x0_tp2_sl1p25_h9999_n0p5_m2,perp_gap,fade,0.5,0,2,1.25,9999,0.5,2,4,8,4,0,1,1021.47857,21.47857,0.962462,4.064057
2026-06-17,perp_gap_fade_e0p5_x0_tp2_sl1p25_h9999_n0p5_m5,perp_gap,fade,0.5,0,2,1.25,9999,0.5,5,4,8,4,0,1,1021.47857,21.47857,0.962462,4.064057
2026-06-17,perp_gap_fade_e0p5_x0_tp2_sl1p25_h9999_n0p5_m8,perp_gap,fade,0.5,0,2,1.25,9999,0.5,8,4,8,4,0,1,1021.47857,21.47857,0.962462,4.064057
2026-06-17,perp_gap_fade_e0p5_x0_tp2_sl2p5_h30_n0p5_m2,perp_gap,fade,0.5,0,2,2.5,30,0.5,2,4,8,4,0,1,1021.47857,21.47857,0.962462,4.064057
2026-06-17,perp_gap_fade_e0p5_x0_tp2_sl2p5_h30_n0p5_m5,perp_gap,fade,0.5,0,2,2.5,30,0.5,5,4,8,4,0,1,1021.47857,21.47857,0.962462,4.064057
2026-06-17,perp_gap_fade_e0p5_x0_tp2_sl2p5_h30_n0p5_m8,perp_gap,fade,0.5,0,2,2.5,30,0.5,8,4,8,4,0,1,1021.47857,21.47857,0.962462,4.064057
2026-06-17,perp_gap_fade_e0p5_x0_tp2_sl2p5_h9999_n0p5_m2,perp_gap,fade,0.5,0,2,2.5,9999,0.5,2,4,8,4,0,1,1021.47857,21.47857,0.962462,4.064057
2026-06-17,perp_gap_fade_e0p5_x0_tp2_sl2p5_h9999_n0p5_m5,perp_gap,fade,0.5,0,2,2.5,9999,0.5,5,4,8,4,0,1,1021.47857,21.47857,0.962462,4.064057
2026-06-17,perp_gap_fade_e0p5_x0_tp2_sl2p5_h9999_n0p5_m8,perp_gap,fade,0.5,0,2,2.5,9999,0.5,8,4,8,4,0,1,1021.47857,21.47857,0.962462,4.064057
2026-06-15,perp_gap_fade_e0p1_x0_tp0p75_sl2p5_h9999_n0p5_m2,perp_gap,fade,0.1,0,0.75,2.5,9999,0.5,2,8,16,6,2,0.75,1021.404875,21.404875,5.897312,8.123882
2026-06-15,perp_gap_fade_e0p2_x0_tp0p75_sl2p5_h9999_n0p5_m2,perp_gap,fade,0.2,0,0.75,2.5,9999,0.5,2,8,16,6,2,0.75,1021.404875,21.404875,5.897312,8.123882
2026-06-17,perp_gap_fade_e0p35_x0p1_tp2_sl0p75_h30_n0p35_m2,perp_gap,fade,0.35,0.1,2,0.75,30,0.35,2,11,22,9,2,0.818182,1021.20087,21.20087,5.16707,7.827591
2026-06-17,perp_gap_fade_e0p35_x0p1_tp2_sl0p75_h30_n0p35_m5,perp_gap,fade,0.35,0.1,2,0.75,30,0.35,5,11,22,9,2,0.818182,1021.20087,21.20087,5.16707,7.827591
2026-06-17,perp_gap_fade_e0p35_x0p1_tp2_sl0p75_h30_n0p35_m8,perp_gap,fade,0.35,0.1,2,0.75,30,0.35,8,11,22,9,2,0.818182,1021.20087,21.20087,5.16707,7.827591
2026-06-17,perp_gap_fade_e0p35_x0p1_tp2_sl1p25_h30_n0p35_m2,perp_gap,fade,0.35,0.1,2,1.25,30,0.35,2,11,22,9,2,0.818182,1021.20087,21.20087,5.16707,7.827591
2026-06-17,perp_gap_fade_e0p35_x0p1_tp2_sl1p25_h30_n0p35_m5,perp_gap,fade,0.35,0.1,2,1.25,30,0.35,5,11,22,9,2,0.818182,1021.20087,21.20087,5.16707,7.827591
2026-06-17,perp_gap_fade_e0p35_x0p1_tp2_sl1p25_h30_n0p35_m8,perp_gap,fade,0.35,0.1,2,1.25,30,0.35,8,11,22,9,2,0.818182,1021.20087,21.20087,5.16707,7.827591
2026-06-17,perp_gap_fade_e0p35_x0p1_tp2_sl2p5_h30_n0p35_m2,perp_gap,fade,0.35,0.1,2,2.5,30,0.35,2,11,22,9,2,0.818182,1021.20087,21.20087,5.16707,7.827591
2026-06-17,perp_gap_fade_e0p35_x0p1_tp2_sl2p5_h30_n0p35_m5,perp_gap,fade,0.35,0.1,2,2.5,30,0.35,5,11,22,9,2,0.818182,1021.20087,21.20087,5.16707,7.827591
2026-06-17,perp_gap_fade_e0p35_x0p1_tp2_sl2p5_h30_n0p35_m8,perp_gap,fade,0.35,0.1,2,2.5,30,0.35,8,11,22,9,2,0.818182,1021.20087,21.20087,5.16707,7.827591
2026-06-17,perp_gap_fade_e0p35_x0_tp1p25_sl0p75_h15_n0p35_m2,perp_gap,fade,0.35,0,1.25,0.75,15,0.35,2,11,22,9,2,0.818182,1020.964346,20.964346,4.605723,7.827326
2026-06-17,perp_gap_fade_e0p35_x0_tp1p25_sl0p75_h15_n0p35_m5,perp_gap,fade,0.35,0,1.25,0.75,15,0.35,5,11,22,9,2,0.818182,1020.964346,20.964346,4.605723,7.827326
2026-06-17,perp_gap_fade_e0p35_x0_tp1p25_sl0p75_h15_n0p35_m8,perp_gap,fade,0.35,0,1.25,0.75,15,0.35,8,11,22,9,2,0.818182,1020.964346,20.964346,4.605723,7.827326
2026-06-17,perp_gap_fade_e0p35_x0_tp1p25_sl1p25_h15_n0p35_m2,perp_gap,fade,0.35,0,1.25,1.25,15,0.35,2,11,22,9,2,0.818182,1020.964346,20.964346,4.605723,7.827326
2026-06-17,perp_gap_fade_e0p35_x0_tp1p25_sl1p25_h15_n0p35_m5,perp_gap,fade,0.35,0,1.25,1.25,15,0.35,5,11,22,9,2,0.818182,1020.964346,20.964346,4.605723,7.827326
2026-06-17,perp_gap_fade_e0p35_x0_tp1p25_sl1p25_h15_n0p35_m8,perp_gap,fade,0.35,0,1.25,1.25,15,0.35,8,11,22,9,2,0.818182,1020.964346,20.964346,4.605723,7.827326
2026-06-17,perp_gap_fade_e0p35_x0_tp1p25_sl2p5_h15_n0p35_m2,perp_gap,fade,0.35,0,1.25,2.5,15,0.35,2,11,22,9,2,0.818182,1020.964346,20.964346,4.605723,7.827326
2026-06-17,perp_gap_fade_e0p35_x0_tp1p25_sl2p5_h15_n0p35_m5,perp_gap,fade,0.35,0,1.25,2.5,15,0.35,5,11,22,9,2,0.818182,1020.964346,20.964346,4.605723,7.827326
2026-06-17,perp_gap_fade_e0p35_x0_tp1p25_sl2p5_h15_n0p35_m8,perp_gap,fade,0.35,0,1.25,2.5,15,0.35,8,11,22,9,2,0.818182,1020.964346,20.964346,4.605723,7.827326
2026-06-17,perp_gap_fade_e0p35_x0p1_tp2_sl0p75_h15_n0p35_m2,perp_gap,fade,0.35,0.1,2,0.75,15,0.35,2,11,22,9,2,0.818182,1020.961877,20.961877,4.875655,7.828371
2026-06-17,perp_gap_fade_e0p35_x0p1_tp2_sl0p75_h15_n0p35_m5,perp_gap,fade,0.35,0.1,2,0.75,15,0.35,5,11,22,9,2,0.818182,1020.961877,20.961877,4.875655,7.828371
2026-06-17,perp_gap_fade_e0p35_x0p1_tp2_sl0p75_h15_n0p35_m8,perp_gap,fade,0.35,0.1,2,0.75,15,0.35,8,11,22,9,2,0.818182,1020.961877,20.961877,4.875655,7.828371
2026-06-17,perp_gap_fade_e0p35_x0p1_tp2_sl1p25_h15_n0p35_m2,perp_gap,fade,0.35,0.1,2,1.25,15,0.35,2,11,22,9,2,0.818182,1020.961877,20.961877,4.875655,7.828371
2026-06-17,perp_gap_fade_e0p35_x0p1_tp2_sl1p25_h15_n0p35_m5,perp_gap,fade,0.35,0.1,2,1.25,15,0.35,5,11,22,9,2,0.818182,1020.961877,20.961877,4.875655,7.828371
2026-06-17,perp_gap_fade_e0p35_x0p1_tp2_sl1p25_h15_n0p35_m8,perp_gap,fade,0.35,0.1,2,1.25,15,0.35,8,11,22,9,2,0.818182,1020.961877,20.961877,4.875655,7.828371
2026-06-17,perp_gap_fade_e0p35_x0p1_tp2_sl2p5_h15_n0p35_m2,perp_gap,fade,0.35,0.1,2,2.5,15,0.35,2,11,22,9,2,0.818182,1020.961877,20.961877,4.875655,7.828371
2026-06-17,perp_gap_fade_e0p35_x0p1_tp2_sl2p5_h15_n0p35_m5,perp_gap,fade,0.35,0.1,2,2.5,15,0.35,5,11,22,9,2,0.818182,1020.961877,20.961877,4.875655,7.828371
2026-06-17,perp_gap_fade_e0p35_x0p1_tp2_sl2p5_h15_n0p35_m8,perp_gap,fade,0.35,0.1,2,2.5,15,0.35,8,11,22,9,2,0.818182,1020.961877,20.961877,4.875655,7.828371
2026-06-17,perp_gap_fade_e0p5_x0_tp2_sl0p75_h15_n0p5_m2,perp_gap,fade,0.5,0,2,0.75,15,0.5,2,4,8,4,0,1,1020.801816,20.801816,1.390606,4.061365
2026-06-17,perp_gap_fade_e0p5_x0_tp2_sl0p75_h15_n0p5_m5,perp_gap,fade,0.5,0,2,0.75,15,0.5,5,4,8,4,0,1,1020.801816,20.801816,1.390606,4.061365
2026-06-17,perp_gap_fade_e0p5_x0_tp2_sl0p75_h15_n0p5_m8,perp_gap,fade,0.5,0,2,0.75,15,0.5,8,4,8,4,0,1,1020.801816,20.801816,1.390606,4.061365
2026-06-17,perp_gap_fade_e0p5_x0_tp2_sl1p25_h15_n0p5_m2,perp_gap,fade,0.5,0,2,1.25,15,0.5,2,4,8,4,0,1,1020.801816,20.801816,1.390606,4.061365
2026-06-17,perp_gap_fade_e0p5_x0_tp2_sl1p25_h15_n0p5_m5,perp_gap,fade,0.5,0,2,1.25,15,0.5,5,4,8,4,0,1,1020.801816,20.801816,1.390606,4.061365
2026-06-17,perp_gap_fade_e0p5_x0_tp2_sl1p25_h15_n0p5_m8,perp_gap,fade,0.5,0,2,1.25,15,0.5,8,4,8,4,0,1,1020.801816,20.801816,1.390606,4.061365
2026-06-17,perp_gap_fade_e0p5_x0_tp2_sl2p5_h15_n0p5_m2,perp_gap,fade,0.5,0,2,2.5,15,0.5,2,4,8,4,0,1,1020.801816,20.801816,1.390606,4.061365
2026-06-17,perp_gap_fade_e0p5_x0_tp2_sl2p5_h15_n0p5_m5,perp_gap,fade,0.5,0,2,2.5,15,0.5,5,4,8,4,0,1,1020.801816,20.801816,1.390606,4.061365
2026-06-17,perp_gap_fade_e0p5_x0_tp2_sl2p5_h15_n0p5_m8,perp_gap,fade,0.5,0,2,2.5,15,0.5,8,4,8,4,0,1,1020.801816,20.801816,1.390606,4.061365
2026-06-15,perp_gap_fade_e0p35_x0_tp2_sl0p75_h9999_n0p35_m2,perp_gap,fade,0.35,0,2,0.75,9999,0.35,2,9,18,7,2,0.777778,1020.532597,20.532597,6.194125,6.421672
2026-06-15,perp_gap_fade_e0p35_x0_tp2_sl1p25_h9999_n0p35_m2,perp_gap,fade,0.35,0,2,1.25,9999,0.35,2,7,14,5,2,0.714286,1020.509406,20.509406,5.908406,4.99154
2026-06-15,perp_gap_fade_e0p35_x0_tp2_sl2p5_h9999_n0p35_m2,perp_gap,fade,0.35,0,2,2.5,9999,0.35,2,7,14,5,2,0.714286,1020.509406,20.509406,5.908406,4.99154
2026-06-17,perp_gap_fade_e0p35_x0_tp0p75_sl0p75_h15_n0p35_m2,perp_gap,fade,0.35,0,0.75,0.75,15,0.35,2,11,22,10,1,0.909091,1020.407311,20.407311,1.853981,7.822653
2026-06-17,perp_gap_fade_e0p35_x0_tp0p75_sl0p75_h15_n0p35_m5,perp_gap,fade,0.35,0,0.75,0.75,15,0.35,5,11,22,10,1,0.909091,1020.407311,20.407311,1.853981,7.822653
2026-06-17,perp_gap_fade_e0p35_x0_tp0p75_sl0p75_h15_n0p35_m8,perp_gap,fade,0.35,0,0.75,0.75,15,0.35,8,11,22,10,1,0.909091,1020.407311,20.407311,1.853981,7.822653
2026-06-17,perp_gap_fade_e0p35_x0_tp0p75_sl1p25_h15_n0p35_m2,perp_gap,fade,0.35,0,0.75,1.25,15,0.35,2,11,22,10,1,0.909091,1020.407311,20.407311,1.853981,7.822653
2026-06-17,perp_gap_fade_e0p35_x0_tp0p75_sl1p25_h15_n0p35_m5,perp_gap,fade,0.35,0,0.75,1.25,15,0.35,5,11,22,10,1,0.909091,1020.407311,20.407311,1.853981,7.822653
2026-06-17,perp_gap_fade_e0p35_x0_tp0p75_sl1p25_h15_n0p35_m8,perp_gap,fade,0.35,0,0.75,1.25,15,0.35,8,11,22,10,1,0.909091,1020.407311,20.407311,1.853981,7.822653
2026-06-17,perp_gap_fade_e0p35_x0_tp0p75_sl2p5_h15_n0p35_m2,perp_gap,fade,0.35,0,0.75,2.5,15,0.35,2,11,22,10,1,0.909091,1020.407311,20.407311,1.853981,7.822653
2026-06-17,perp_gap_fade_e0p35_x0_tp0p75_sl2p5_h15_n0p35_m5,perp_gap,fade,0.35,0,0.75,2.5,15,0.35,5,11,22,10,1,0.909091,1020.407311,20.407311,1.853981,7.822653
2026-06-17,perp_gap_fade_e0p35_x0_tp0p75_sl2p5_h15_n0p35_m8,perp_gap,fade,0.35,0,0.75,2.5,15,0.35,8,11,22,10,1,0.909091,1020.407311,20.407311,1.853981,7.822653
2026-06-15,perp_gap_fade_e0p1_x0_tp2_sl0p75_h9999_n0p35_m5,perp_gap,fade,0.1,0,2,0.75,9999,0.35,5,11,22,9,2,0.818182,1020.281324,20.281324,8.098069,7.564335
2026-06-15,perp_gap_fade_e0p1_x0_tp2_sl0p75_h9999_n0p35_m8,perp_gap,fade,0.1,0,2,0.75,9999,0.35,8,11,22,9,2,0.818182,1020.281324,20.281324,8.098069,7.564335
2026-06-17,perp_gap_fade_e0p35_x0_tp0p75_sl0p75_h30_n0p5_m2,perp_gap,fade,0.35,0,0.75,0.75,30,0.5,2,7,14,6,1,0.857143,1020.263742,20.263742,2.137565,7.103011
2026-06-17,perp_gap_fade_e0p35_x0_tp0p75_sl0p75_h30_n0p5_m5,perp_gap,fade,0.35,0,0.75,0.75,30,0.5,5,7,14,6,1,0.857143,1020.263742,20.263742,2.137565,7.103011
2026-06-17,perp_gap_fade_e0p35_x0_tp0p75_sl0p75_h30_n0p5_m8,perp_gap,fade,0.35,0,0.75,0.75,30,0.5,8,7,14,6,1,0.857143,1020.263742,20.263742,2.137565,7.103011
2026-06-17,perp_gap_fade_e0p35_x0_tp0p75_sl0p75_h9999_n0p5_m2,perp_gap,fade,0.35,0,0.75,0.75,9999,0.5,2,7,14,6,1,0.857143,1020.263742,20.263742,2.137565,7.103011
2026-06-17,perp_gap_fade_e0p35_x0_tp0p75_sl0p75_h9999_n0p5_m5,perp_gap,fade,0.35,0,0.75,0.75,9999,0.5,5,7,14,6,1,0.857143,1020.263742,20.263742,2.137565,7.103011
2026-06-17,perp_gap_fade_e0p35_x0_tp0p75_sl0p75_h9999_n0p5_m8,perp_gap,fade,0.35,0,0.75,0.75,9999,0.5,8,7,14,6,1,0.857143,1020.263742,20.263742,2.137565,7.103011
2026-06-17,perp_gap_fade_e0p35_x0_tp0p75_sl1p25_h30_n0p5_m2,perp_gap,fade,0.35,0,0.75,1.25,30,0.5,2,7,14,6,1,0.857143,1020.263742,20.263742,2.137565,7.103011
2026-06-17,perp_gap_fade_e0p35_x0_tp0p75_sl1p25_h30_n0p5_m5,perp_gap,fade,0.35,0,0.75,1.25,30,0.5,5,7,14,6,1,0.857143,1020.263742,20.263742,2.137565,7.103011
2026-06-17,perp_gap_fade_e0p35_x0_tp0p75_sl1p25_h30_n0p5_m8,perp_gap,fade,0.35,0,0.75,1.25,30,0.5,8,7,14,6,1,0.857143,1020.263742,20.263742,2.137565,7.103011
2026-06-17,perp_gap_fade_e0p35_x0_tp0p75_sl1p25_h9999_n0p5_m2,perp_gap,fade,0.35,0,0.75,1.25,9999,0.5,2,7,14,6,1,0.857143,1020.263742,20.263742,2.137565,7.103011
2026-06-17,perp_gap_fade_e0p35_x0_tp0p75_sl1p25_h9999_n0p5_m5,perp_gap,fade,0.35,0,0.75,1.25,9999,0.5,5,7,14,6,1,0.857143,1020.263742,20.263742,2.137565,7.103011
2026-06-17,perp_gap_fade_e0p35_x0_tp0p75_sl1p25_h9999_n0p5_m8,perp_gap,fade,0.35,0,0.75,1.25,9999,0.5,8,7,14,6,1,0.857143,1020.263742,20.263742,2.137565,7.103011
2026-06-17,perp_gap_fade_e0p35_x0_tp0p75_sl2p5_h30_n0p5_m2,perp_gap,fade,0.35,0,0.75,2.5,30,0.5,2,7,14,6,1,0.857143,1020.263742,20.263742,2.137565,7.103011
2026-06-17,perp_gap_fade_e0p35_x0_tp0p75_sl2p5_h30_n0p5_m5,perp_gap,fade,0.35,0,0.75,2.5,30,0.5,5,7,14,6,1,0.857143,1020.263742,20.263742,2.137565,7.103011
2026-06-17,perp_gap_fade_e0p35_x0_tp0p75_sl2p5_h30_n0p5_m8,perp_gap,fade,0.35,0,0.75,2.5,30,0.5,8,7,14,6,1,0.857143,1020.263742,20.263742,2.137565,7.103011
2026-06-17,perp_gap_fade_e0p35_x0_tp0p75_sl2p5_h9999_n0p5_m2,perp_gap,fade,0.35,0,0.75,2.5,9999,0.5,2,7,14,6,1,0.857143,1020.263742,20.263742,2.137565,7.103011
2026-06-17,perp_gap_fade_e0p35_x0_tp0p75_sl2p5_h9999_n0p5_m5,perp_gap,fade,0.35,0,0.75,2.5,9999,0.5,5,7,14,6,1,0.857143,1020.263742,20.263742,2.137565,7.103011
2026-06-17,perp_gap_fade_e0p35_x0_tp0p75_sl2p5_h9999_n0p5_m8,perp_gap,fade,0.35,0,0.75,2.5,9999,0.5,8,7,14,6,1,0.857143,1020.263742,20.263742,2.137565,7.103011
2026-06-15,perp_gap_fade_e0p5_x0p1_tp2_sl0p75_h30_n0p5_m2,perp_gap,fade,0.5,0.1,2,0.75,30,0.5,2,6,12,5,1,0.833333,1020.187595,20.187595,2.776511,6.120565
2026-06-15,perp_gap_fade_e0p5_x0p1_tp2_sl0p75_h30_n0p5_m5,perp_gap,fade,0.5,0.1,2,0.75,30,0.5,5,6,12,5,1,0.833333,1020.187595,20.187595,2.776511,6.120565
2026-06-15,perp_gap_fade_e0p5_x0p1_tp2_sl0p75_h30_n0p5_m8,perp_gap,fade,0.5,0.1,2,0.75,30,0.5,8,6,12,5,1,0.833333,1020.187595,20.187595,2.776511,6.120565
2026-06-15,perp_gap_fade_e0p5_x0p1_tp2_sl1p25_h30_n0p5_m2,perp_gap,fade,0.5,0.1,2,1.25,30,0.5,2,6,12,5,1,0.833333,1020.187595,20.187595,2.776511,6.120565
2026-06-15,perp_gap_fade_e0p5_x0p1_tp2_sl1p25_h30_n0p5_m5,perp_gap,fade,0.5,0.1,2,1.25,30,0.5,5,6,12,5,1,0.833333,1020.187595,20.187595,2.776511,6.120565
2026-06-15,perp_gap_fade_e0p5_x0p1_tp2_sl1p25_h30_n0p5_m8,perp_gap,fade,0.5,0.1,2,1.25,30,0.5,8,6,12,5,1,0.833333,1020.187595,20.187595,2.776511,6.120565
2026-06-15,perp_gap_fade_e0p5_x0p1_tp2_sl2p5_h30_n0p5_m2,perp_gap,fade,0.5,0.1,2,2.5,30,0.5,2,6,12,5,1,0.833333,1020.187595,20.187595,2.776511,6.120565
2026-06-15,perp_gap_fade_e0p5_x0p1_tp2_sl2p5_h30_n0p5_m5,perp_gap,fade,0.5,0.1,2,2.5,30,0.5,5,6,12,5,1,0.833333,1020.187595,20.187595,2.776511,6.120565
2026-06-15,perp_gap_fade_e0p5_x0p1_tp2_sl2p5_h30_n0p5_m8,perp_gap,fade,0.5,0.1,2,2.5,30,0.5,8,6,12,5,1,0.833333,1020.187595,20.187595,2.776511,6.120565
2026-06-15,perp_gap_fade_e0p35_x0_tp2_sl0p75_h9999_n0p5_m2,perp_gap,fade,0.35,0,2,0.75,9999,0.5,2,2,4,2,0,1,1019.847635,19.847635,3.998328,2.036551
2026-06-15,perp_gap_fade_e0p35_x0_tp2_sl0p75_h9999_n0p5_m5,perp_gap,fade,0.35,0,2,0.75,9999,0.5,5,2,4,2,0,1,1019.847635,19.847635,3.998328,2.036551
2026-06-15,perp_gap_fade_e0p35_x0_tp2_sl0p75_h9999_n0p5_m8,perp_gap,fade,0.35,0,2,0.75,9999,0.5,8,2,4,2,0,1,1019.847635,19.847635,3.998328,2.036551
2026-06-15,perp_gap_fade_e0p35_x0_tp2_sl1p25_h9999_n0p5_m2,perp_gap,fade,0.35,0,2,1.25,9999,0.5,2,2,4,2,0,1,1019.847635,19.847635,3.998328,2.036551
2026-06-15,perp_gap_fade_e0p35_x0_tp2_sl1p25_h9999_n0p5_m5,perp_gap,fade,0.35,0,2,1.25,9999,0.5,5,2,4,2,0,1,1019.847635,19.847635,3.998328,2.036551
2026-06-15,perp_gap_fade_e0p35_x0_tp2_sl1p25_h9999_n0p5_m8,perp_gap,fade,0.35,0,2,1.25,9999,0.5,8,2,4,2,0,1,1019.847635,19.847635,3.998328,2.036551
2026-06-15,perp_gap_fade_e0p35_x0_tp2_sl2p5_h9999_n0p5_m2,perp_gap,fade,0.35,0,2,2.5,9999,0.5,2,2,4,2,0,1,1019.847635,19.847635,3.998328,2.036551
2026-06-15,perp_gap_fade_e0p35_x0_tp2_sl2p5_h9999_n0p5_m5,perp_gap,fade,0.35,0,2,2.5,9999,0.5,5,2,4,2,0,1,1019.847635,19.847635,3.998328,2.036551
2026-06-15,perp_gap_fade_e0p35_x0_tp2_sl2p5_h9999_n0p5_m8,perp_gap,fade,0.35,0,2,2.5,9999,0.5,8,2,4,2,0,1,1019.847635,19.847635,3.998328,2.036551
2026-06-15,perp_gap_fade_e0p5_x0p1_tp1p25_sl1p25_h9999_n0p35_m2,perp_gap,fade,0.5,0.1,1.25,1.25,9999,0.35,2,5,10,5,0,1,1019.816559,19.816559,3.444615,3.565965
2026-06-15,perp_gap_fade_e0p5_x0p1_tp1p25_sl1p25_h9999_n0p35_m5,perp_gap,fade,0.5,0.1,1.25,1.25,9999,0.35,5,5,10,5,0,1,1019.816559,19.816559,3.444615,3.565965
2026-06-15,perp_gap_fade_e0p5_x0p1_tp1p25_sl1p25_h9999_n0p35_m8,perp_gap,fade,0.5,0.1,1.25,1.25,9999,0.35,8,5,10,5,0,1,1019.816559,19.816559,3.444615,3.565965
2026-06-15,perp_gap_fade_e0p5_x0p1_tp1p25_sl2p5_h9999_n0p35_m2,perp_gap,fade,0.5,0.1,1.25,2.5,9999,0.35,2,5,10,5,0,1,1019.816559,19.816559,3.444615,3.565965
2026-06-15,perp_gap_fade_e0p5_x0p1_tp1p25_sl2p5_h9999_n0p35_m5,perp_gap,fade,0.5,0.1,1.25,2.5,9999,0.35,5,5,10,5,0,1,1019.816559,19.816559,3.444615,3.565965
2026-06-15,perp_gap_fade_e0p5_x0p1_tp1p25_sl2p5_h9999_n0p35_m8,perp_gap,fade,0.5,0.1,1.25,2.5,9999,0.35,8,5,10,5,0,1,1019.816559,19.816559,3.444615,3.565965
2026-06-17,perp_gap_fade_e0p35_x0_tp2_sl1p25_h9999_n0p2_m2,perp_gap,fade,0.35,0,2,1.25,9999,0.2,2,8,16,8,0,1,1019.683312,19.683312,3.57683,3.254574
2026-06-17,perp_gap_fade_e0p35_x0_tp2_sl2p5_h9999_n0p2_m2,perp_gap,fade,0.35,0,2,2.5,9999,0.2,2,8,16,8,0,1,1019.683312,19.683312,3.57683,3.254574
2026-06-15,perp_gap_fade_e0p5_x0_tp1p25_sl1p25_h9999_n0p35_m2,perp_gap,fade,0.5,0,1.25,1.25,9999,0.35,2,5,10,5,0,1,1019.674495,19.674495,3.444615,3.565823
2026-06-15,perp_gap_fade_e0p5_x0_tp1p25_sl1p25_h9999_n0p35_m5,perp_gap,fade,0.5,0,1.25,1.25,9999,0.35,5,5,10,5,0,1,1019.674495,19.674495,3.444615,3.565823
2026-06-15,perp_gap_fade_e0p5_x0_tp1p25_sl1p25_h9999_n0p35_m8,perp_gap,fade,0.5,0,1.25,1.25,9999,0.35,8,5,10,5,0,1,1019.674495,19.674495,3.444615,3.565823
2026-06-15,perp_gap_fade_e0p5_x0_tp1p25_sl2p5_h9999_n0p35_m2,perp_gap,fade,0.5,0,1.25,2.5,9999,0.35,2,5,10,5,0,1,1019.674495,19.674495,3.444615,3.565823
2026-06-15,perp_gap_fade_e0p5_x0_tp1p25_sl2p5_h9999_n0p35_m5,perp_gap,fade,0.5,0,1.25,2.5,9999,0.35,5,5,10,5,0,1,1019.674495,19.674495,3.444615,3.565823
2026-06-15,perp_gap_fade_e0p5_x0_tp1p25_sl2p5_h9999_n0p35_m8,perp_gap,fade,0.5,0,1.25,2.5,9999,0.35,8,5,10,5,0,1,1019.674495,19.674495,3.444615,3.565823
2026-06-17,perp_gap_fade_e0p35_x0p1_tp0p75_sl0p75_h30_n0p35_m2,perp_gap,fade,0.35,0.1,0.75,0.75,30,0.35,2,11,22,10,1,0.909091,1019.485234,19.485234,1.85421,7.814408
2026-06-17,perp_gap_fade_e0p35_x0p1_tp0p75_sl0p75_h30_n0p35_m5,perp_gap,fade,0.35,0.1,0.75,0.75,30,0.35,5,11,22,10,1,0.909091,1019.485234,19.485234,1.85421,7.814408
2026-06-17,perp_gap_fade_e0p35_x0p1_tp0p75_sl0p75_h30_n0p35_m8,perp_gap,fade,0.35,0.1,0.75,0.75,30,0.35,8,11,22,10,1,0.909091,1019.485234,19.485234,1.85421,7.814408
2026-06-17,perp_gap_fade_e0p35_x0p1_tp0p75_sl0p75_h9999_n0p35_m2,perp_gap,fade,0.35,0.1,0.75,0.75,9999,0.35,2,11,22,10,1,0.909091,1019.485234,19.485234,1.85421,7.814408
2026-06-17,perp_gap_fade_e0p35_x0p1_tp0p75_sl0p75_h9999_n0p35_m5,perp_gap,fade,0.35,0.1,0.75,0.75,9999,0.35,5,11,22,10,1,0.909091,1019.485234,19.485234,1.85421,7.814408
2026-06-17,perp_gap_fade_e0p35_x0p1_tp0p75_sl0p75_h9999_n0p35_m8,perp_gap,fade,0.35,0.1,0.75,0.75,9999,0.35,8,11,22,10,1,0.909091,1019.485234,19.485234,1.85421,7.814408
2026-06-17,perp_gap_fade_e0p35_x0p1_tp0p75_sl1p25_h30_n0p35_m2,perp_gap,fade,0.35,0.1,0.75,1.25,30,0.35,2,11,22,10,1,0.909091,1019.485234,19.485234,1.85421,7.814408
2026-06-17,perp_gap_fade_e0p35_x0p1_tp0p75_sl1p25_h30_n0p35_m5,perp_gap,fade,0.35,0.1,0.75,1.25,30,0.35,5,11,22,10,1,0.909091,1019.485234,19.485234,1.85421,7.814408
2026-06-17,perp_gap_fade_e0p35_x0p1_tp0p75_sl1p25_h30_n0p35_m8,perp_gap,fade,0.35,0.1,0.75,1.25,30,0.35,8,11,22,10,1,0.909091,1019.485234,19.485234,1.85421,7.814408
2026-06-17,perp_gap_fade_e0p35_x0p1_tp0p75_sl1p25_h9999_n0p35_m2,perp_gap,fade,0.35,0.1,0.75,1.25,9999,0.35,2,11,22,10,1,0.909091,1019.485234,19.485234,1.85421,7.814408
2026-06-17,perp_gap_fade_e0p35_x0p1_tp0p75_sl1p25_h9999_n0p35_m5,perp_gap,fade,0.35,0.1,0.75,1.25,9999,0.35,5,11,22,10,1,0.909091,1019.485234,19.485234,1.85421,7.814408
2026-06-17,perp_gap_fade_e0p35_x0p1_tp0p75_sl1p25_h9999_n0p35_m8,perp_gap,fade,0.35,0.1,0.75,1.25,9999,0.35,8,11,22,10,1,0.909091,1019.485234,19.485234,1.85421,7.814408
2026-06-17,perp_gap_fade_e0p35_x0p1_tp0p75_sl2p5_h30_n0p35_m2,perp_gap,fade,0.35,0.1,0.75,2.5,30,0.35,2,11,22,10,1,0.909091,1019.485234,19.485234,1.85421,7.814408
2026-06-17,perp_gap_fade_e0p35_x0p1_tp0p75_sl2p5_h30_n0p35_m5,perp_gap,fade,0.35,0.1,0.75,2.5,30,0.35,5,11,22,10,1,0.909091,1019.485234,19.485234,1.85421,7.814408
2026-06-17,perp_gap_fade_e0p35_x0p1_tp0p75_sl2p5_h30_n0p35_m8,perp_gap,fade,0.35,0.1,0.75,2.5,30,0.35,8,11,22,10,1,0.909091,1019.485234,19.485234,1.85421,7.814408
2026-06-17,perp_gap_fade_e0p35_x0p1_tp0p75_sl2p5_h9999_n0p35_m2,perp_gap,fade,0.35,0.1,0.75,2.5,9999,0.35,2,11,22,10,1,0.909091,1019.485234,19.485234,1.85421,7.814408
2026-06-17,perp_gap_fade_e0p35_x0p1_tp0p75_sl2p5_h9999_n0p35_m5,perp_gap,fade,0.35,0.1,0.75,2.5,9999,0.35,5,11,22,10,1,0.909091,1019.485234,19.485234,1.85421,7.814408
2026-06-17,perp_gap_fade_e0p35_x0p1_tp0p75_sl2p5_h9999_n0p35_m8,perp_gap,fade,0.35,0.1,0.75,2.5,9999,0.35,8,11,22,10,1,0.909091,1019.485234,19.485234,1.85421,7.814408
2026-06-15,perp_gap_fade_e0p5_x0_tp0p75_sl0p75_h30_n0p5_m2,perp_gap,fade,0.5,0,0.75,0.75,30,0.5,2,6,12,5,1,0.833333,1019.484905,19.484905,2.774598,6.117049
2026-06-15,perp_gap_fade_e0p5_x0_tp0p75_sl0p75_h30_n0p5_m5,perp_gap,fade,0.5,0,0.75,0.75,30,0.5,5,6,12,5,1,0.833333,1019.484905,19.484905,2.774598,6.117049
2026-06-15,perp_gap_fade_e0p5_x0_tp0p75_sl0p75_h30_n0p5_m8,perp_gap,fade,0.5,0,0.75,0.75,30,0.5,8,6,12,5,1,0.833333,1019.484905,19.484905,2.774598,6.117049
2026-06-15,perp_gap_fade_e0p5_x0_tp0p75_sl1p25_h30_n0p5_m2,perp_gap,fade,0.5,0,0.75,1.25,30,0.5,2,6,12,5,1,0.833333,1019.484905,19.484905,2.774598,6.117049
2026-06-15,perp_gap_fade_e0p5_x0_tp0p75_sl1p25_h30_n0p5_m5,perp_gap,fade,0.5,0,0.75,1.25,30,0.5,5,6,12,5,1,0.833333,1019.484905,19.484905,2.774598,6.117049
2026-06-15,perp_gap_fade_e0p5_x0_tp0p75_sl1p25_h30_n0p5_m8,perp_gap,fade,0.5,0,0.75,1.25,30,0.5,8,6,12,5,1,0.833333,1019.484905,19.484905,2.774598,6.117049
2026-06-15,perp_gap_fade_e0p5_x0_tp0p75_sl2p5_h30_n0p5_m2,perp_gap,fade,0.5,0,0.75,2.5,30,0.5,2,6,12,5,1,0.833333,1019.484905,19.484905,2.774598,6.117049
2026-06-15,perp_gap_fade_e0p5_x0_tp0p75_sl2p5_h30_n0p5_m5,perp_gap,fade,0.5,0,0.75,2.5,30,0.5,5,6,12,5,1,0.833333,1019.484905,19.484905,2.774598,6.117049
2026-06-15,perp_gap_fade_e0p5_x0_tp0p75_sl2p5_h30_n0p5_m8,perp_gap,fade,0.5,0,0.75,2.5,30,0.5,8,6,12,5,1,0.833333,1019.484905,19.484905,2.774598,6.117049
2026-06-15,perp_gap_fade_e0p5_x0_tp1p25_sl0p75_h30_n0p5_m2,perp_gap,fade,0.5,0,1.25,0.75,30,0.5,2,6,12,5,1,0.833333,1019.484905,19.484905,2.774598,6.117049
2026-06-15,perp_gap_fade_e0p5_x0_tp1p25_sl0p75_h30_n0p5_m5,perp_gap,fade,0.5,0,1.25,0.75,30,0.5,5,6,12,5,1,0.833333,1019.484905,19.484905,2.774598,6.117049
2026-06-15,perp_gap_fade_e0p5_x0_tp1p25_sl0p75_h30_n0p5_m8,perp_gap,fade,0.5,0,1.25,0.75,30,0.5,8,6,12,5,1,0.833333,1019.484905,19.484905,2.774598,6.117049
2026-06-15,perp_gap_fade_e0p5_x0_tp1p25_sl1p25_h30_n0p5_m2,perp_gap,fade,0.5,0,1.25,1.25,30,0.5,2,6,12,5,1,0.833333,1019.484905,19.484905,2.774598,6.117049
2026-06-15,perp_gap_fade_e0p5_x0_tp1p25_sl1p25_h30_n0p5_m5,perp_gap,fade,0.5,0,1.25,1.25,30,0.5,5,6,12,5,1,0.833333,1019.484905,19.484905,2.774598,6.117049
2026-06-15,perp_gap_fade_e0p5_x0_tp1p25_sl1p25_h30_n0p5_m8,perp_gap,fade,0.5,0,1.25,1.25,30,0.5,8,6,12,5,1,0.833333,1019.484905,19.484905,2.774598,6.117049
2026-06-15,perp_gap_fade_e0p5_x0_tp1p25_sl2p5_h30_n0p5_m2,perp_gap,fade,0.5,0,1.25,2.5,30,0.5,2,6,12,5,1,0.833333,1019.484905,19.484905,2.774598,6.117049
2026-06-15,perp_gap_fade_e0p5_x0_tp1p25_sl2p5_h30_n0p5_m5,perp_gap,fade,0.5,0,1.25,2.5,30,0.5,5,6,12,5,1,0.833333,1019.484905,19.484905,2.774598,6.117049
2026-06-15,perp_gap_fade_e0p5_x0_tp1p25_sl2p5_h30_n0p5_m8,perp_gap,fade,0.5,0,1.25,2.5,30,0.5,8,6,12,5,1,0.833333,1019.484905,19.484905,2.774598,6.117049
2026-06-15,perp_gap_fade_e0p5_x0_tp2_sl0p75_h30_n0p5_m2,perp_gap,fade,0.5,0,2,0.75,30,0.5,2,6,12,5,1,0.833333,1019.484905,19.484905,3.41274,6.117049
2026-06-15,perp_gap_fade_e0p5_x0_tp2_sl0p75_h30_n0p5_m5,perp_gap,fade,0.5,0,2,0.75,30,0.5,5,6,12,5,1,0.833333,1019.484905,19.484905,3.41274,6.117049
2026-06-15,perp_gap_fade_e0p5_x0_tp2_sl0p75_h30_n0p5_m8,perp_gap,fade,0.5,0,2,0.75,30,0.5,8,6,12,5,1,0.833333,1019.484905,19.484905,3.41274,6.117049
2026-06-15,perp_gap_fade_e0p5_x0_tp2_sl1p25_h30_n0p5_m2,perp_gap,fade,0.5,0,2,1.25,30,0.5,2,6,12,5,1,0.833333,1019.484905,19.484905,3.41274,6.117049
2026-06-15,perp_gap_fade_e0p5_x0_tp2_sl1p25_h30_n0p5_m5,perp_gap,fade,0.5,0,2,1.25,30,0.5,5,6,12,5,1,0.833333,1019.484905,19.484905,3.41274,6.117049
2026-06-15,perp_gap_fade_e0p5_x0_tp2_sl1p25_h30_n0p5_m8,perp_gap,fade,0.5,0,2,1.25,30,0.5,8,6,12,5,1,0.833333,1019.484905,19.484905,3.41274,6.117049
2026-06-15,perp_gap_fade_e0p5_x0_tp2_sl2p5_h30_n0p5_m2,perp_gap,fade,0.5,0,2,2.5,30,0.5,2,6,12,5,1,0.833333,1019.484905,19.484905,3.41274,6.117049
2026-06-15,perp_gap_fade_e0p5_x0_tp2_sl2p5_h30_n0p5_m5,perp_gap,fade,0.5,0,2,2.5,30,0.5,5,6,12,5,1,0.833333,1019.484905,19.484905,3.41274,6.117049
2026-06-15,perp_gap_fade_e0p5_x0_tp2_sl2p5_h30_n0p5_m8,perp_gap,fade,0.5,0,2,2.5,30,0.5,8,6,12,5,1,0.833333,1019.484905,19.484905,3.41274,6.117049
2026-06-15,perp_gap_fade_e0p5_x0p1_tp0p75_sl0p75_h30_n0p5_m2,perp_gap,fade,0.5,0.1,0.75,0.75,30,0.5,2,6,12,5,1,0.833333,1019.484905,19.484905,2.774598,6.117049
2026-06-15,perp_gap_fade_e0p5_x0p1_tp0p75_sl0p75_h30_n0p5_m5,perp_gap,fade,0.5,0.1,0.75,0.75,30,0.5,5,6,12,5,1,0.833333,1019.484905,19.484905,2.774598,6.117049
2026-06-15,perp_gap_fade_e0p5_x0p1_tp0p75_sl0p75_h30_n0p5_m8,perp_gap,fade,0.5,0.1,0.75,0.75,30,0.5,8,6,12,5,1,0.833333,1019.484905,19.484905,2.774598,6.117049
2026-06-15,perp_gap_fade_e0p5_x0p1_tp0p75_sl1p25_h30_n0p5_m2,perp_gap,fade,0.5,0.1,0.75,1.25,30,0.5,2,6,12,5,1,0.833333,1019.484905,19.484905,2.774598,6.117049
2026-06-15,perp_gap_fade_e0p5_x0p1_tp0p75_sl1p25_h30_n0p5_m5,perp_gap,fade,0.5,0.1,0.75,1.25,30,0.5,5,6,12,5,1,0.833333,1019.484905,19.484905,2.774598,6.117049
2026-06-15,perp_gap_fade_e0p5_x0p1_tp0p75_sl1p25_h30_n0p5_m8,perp_gap,fade,0.5,0.1,0.75,1.25,30,0.5,8,6,12,5,1,0.833333,1019.484905,19.484905,2.774598,6.117049
2026-06-15,perp_gap_fade_e0p5_x0p1_tp0p75_sl2p5_h30_n0p5_m2,perp_gap,fade,0.5,0.1,0.75,2.5,30,0.5,2,6,12,5,1,0.833333,1019.484905,19.484905,2.774598,6.117049
2026-06-15,perp_gap_fade_e0p5_x0p1_tp0p75_sl2p5_h30_n0p5_m5,perp_gap,fade,0.5,0.1,0.75,2.5,30,0.5,5,6,12,5,1,0.833333,1019.484905,19.484905,2.774598,6.117049
2026-06-15,perp_gap_fade_e0p5_x0p1_tp0p75_sl2p5_h30_n0p5_m8,perp_gap,fade,0.5,0.1,0.75,2.5,30,0.5,8,6,12,5,1,0.833333,1019.484905,19.484905,2.774598,6.117049
2026-06-15,perp_gap_fade_e0p5_x0p1_tp1p25_sl0p75_h30_n0p5_m2,perp_gap,fade,0.5,0.1,1.25,0.75,30,0.5,2,6,12,5,1,0.833333,1019.484905,19.484905,2.774598,6.117049
2026-06-15,perp_gap_fade_e0p5_x0p1_tp1p25_sl0p75_h30_n0p5_m5,perp_gap,fade,0.5,0.1,1.25,0.75,30,0.5,5,6,12,5,1,0.833333,1019.484905,19.484905,2.774598,6.117049
2026-06-15,perp_gap_fade_e0p5_x0p1_tp1p25_sl0p75_h30_n0p5_m8,perp_gap,fade,0.5,0.1,1.25,0.75,30,0.5,8,6,12,5,1,0.833333,1019.484905,19.484905,2.774598,6.117049
2026-06-15,perp_gap_fade_e0p5_x0p1_tp1p25_sl1p25_h30_n0p5_m2,perp_gap,fade,0.5,0.1,1.25,1.25,30,0.5,2,6,12,5,1,0.833333,1019.484905,19.484905,2.774598,6.117049
2026-06-15,perp_gap_fade_e0p5_x0p1_tp1p25_sl1p25_h30_n0p5_m5,perp_gap,fade,0.5,0.1,1.25,1.25,30,0.5,5,6,12,5,1,0.833333,1019.484905,19.484905,2.774598,6.117049
2026-06-15,perp_gap_fade_e0p5_x0p1_tp1p25_sl1p25_h30_n0p5_m8,perp_gap,fade,0.5,0.1,1.25,1.25,30,0.5,8,6,12,5,1,0.833333,1019.484905,19.484905,2.774598,6.117049
2026-06-15,perp_gap_fade_e0p5_x0p1_tp1p25_sl2p5_h30_n0p5_m2,perp_gap,fade,0.5,0.1,1.25,2.5,30,0.5,2,6,12,5,1,0.833333,1019.484905,19.484905,2.774598,6.117049
2026-06-15,perp_gap_fade_e0p5_x0p1_tp1p25_sl2p5_h30_n0p5_m5,perp_gap,fade,0.5,0.1,1.25,2.5,30,0.5,5,6,12,5,1,0.833333,1019.484905,19.484905,2.774598,6.117049
2026-06-15,perp_gap_fade_e0p5_x0p1_tp1p25_sl2p5_h30_n0p5_m8,perp_gap,fade,0.5,0.1,1.25,2.5,30,0.5,8,6,12,5,1,0.833333,1019.484905,19.484905,2.774598,6.117049
2026-06-17,perp_gap_fade_e0p35_x0_tp2_sl0p75_h9999_n0p2_m2,perp_gap,fade,0.35,0,2,0.75,9999,0.2,2,9,18,8,1,0.888889,1019.293696,19.293696,3.982701,3.660789
2026-06-15,perp_gap_fade_e0p1_x0_tp2_sl2p5_h9999_n0p35_m5,perp_gap,fade,0.1,0,2,2.5,9999,0.35,5,7,14,6,1,0.857143,1019.262175,19.262175,7.503434,4.774628
2026-06-15,perp_gap_fade_e0p1_x0_tp2_sl2p5_h9999_n0p35_m8,perp_gap,fade,0.1,0,2,2.5,9999,0.35,8,7,14,6,1,0.857143,1019.262175,19.262175,7.503434,4.774628
2026-06-15,perp_gap_fade_e0p2_x0_tp2_sl2p5_h9999_n0p35_m5,perp_gap,fade,0.2,0,2,2.5,9999,0.35,5,7,14,6,1,0.857143,1019.262175,19.262175,7.503434,4.774628
2026-06-15,perp_gap_fade_e0p2_x0_tp2_sl2p5_h9999_n0p35_m8,perp_gap,fade,0.2,0,2,2.5,9999,0.35,8,7,14,6,1,0.857143,1019.262175,19.262175,7.503434,4.774628
2026-06-17,perp_gap_fade_e0p35_x0_tp2_sl1p25_h9999_n0p2_m5,perp_gap,fade,0.35,0,2,1.25,9999,0.2,5,9,18,8,1,0.888889,1019.026686,19.026686,3.574527,3.656084
2026-06-17,perp_gap_fade_e0p35_x0_tp2_sl1p25_h9999_n0p2_m8,perp_gap,fade,0.35,0,2,1.25,9999,0.2,8,9,18,8,1,0.888889,1019.026686,19.026686,3.574527,3.656084
2026-06-17,perp_gap_fade_e0p35_x0_tp2_sl2p5_h9999_n0p2_m5,perp_gap,fade,0.35,0,2,2.5,9999,0.2,5,9,18,8,1,0.888889,1019.026686,19.026686,3.574527,3.656084
2026-06-17,perp_gap_fade_e0p35_x0_tp2_sl2p5_h9999_n0p2_m8,perp_gap,fade,0.35,0,2,2.5,9999,0.2,8,9,18,8,1,0.888889,1019.026686,19.026686,3.574527,3.656084
2026-06-17,perp_gap_fade_e0p35_x0p1_tp0p75_sl0p75_h15_n0p35_m2,perp_gap,fade,0.35,0.1,0.75,0.75,15,0.35,2,11,22,10,1,0.909091,1018.923586,18.923586,1.85421,7.813452
2026-06-17,perp_gap_fade_e0p35_x0p1_tp0p75_sl0p75_h15_n0p35_m5,perp_gap,fade,0.35,0.1,0.75,0.75,15,0.35,5,11,22,10,1,0.909091,1018.923586,18.923586,1.85421,7.813452
2026-06-17,perp_gap_fade_e0p35_x0p1_tp0p75_sl0p75_h15_n0p35_m8,perp_gap,fade,0.35,0.1,0.75,0.75,15,0.35,8,11,22,10,1,0.909091,1018.923586,18.923586,1.85421,7.813452
2026-06-17,perp_gap_fade_e0p35_x0p1_tp0p75_sl1p25_h15_n0p35_m2,perp_gap,fade,0.35,0.1,0.75,1.25,15,0.35,2,11,22,10,1,0.909091,1018.923586,18.923586,1.85421,7.813452
2026-06-17,perp_gap_fade_e0p35_x0p1_tp0p75_sl1p25_h15_n0p35_m5,perp_gap,fade,0.35,0.1,0.75,1.25,15,0.35,5,11,22,10,1,0.909091,1018.923586,18.923586,1.85421,7.813452
2026-06-17,perp_gap_fade_e0p35_x0p1_tp0p75_sl1p25_h15_n0p35_m8,perp_gap,fade,0.35,0.1,0.75,1.25,15,0.35,8,11,22,10,1,0.909091,1018.923586,18.923586,1.85421,7.813452
2026-06-17,perp_gap_fade_e0p35_x0p1_tp0p75_sl2p5_h15_n0p35_m2,perp_gap,fade,0.35,0.1,0.75,2.5,15,0.35,2,11,22,10,1,0.909091,1018.923586,18.923586,1.85421,7.813452
2026-06-17,perp_gap_fade_e0p35_x0p1_tp0p75_sl2p5_h15_n0p35_m5,perp_gap,fade,0.35,0.1,0.75,2.5,15,0.35,5,11,22,10,1,0.909091,1018.923586,18.923586,1.85421,7.813452
2026-06-17,perp_gap_fade_e0p35_x0p1_tp0p75_sl2p5_h15_n0p35_m8,perp_gap,fade,0.35,0.1,0.75,2.5,15,0.35,8,11,22,10,1,0.909091,1018.923586,18.923586,1.85421,7.813452
2026-06-17,equity_gap_fade_e0p1_x0p1_tp1p25_sl2p5_h9999_n0p35_m2,equity_gap,fade,0.1,0.1,1.25,2.5,9999,0.35,2,25,50,17,8,0.68,1018.780143,18.780143,12.732269,17.897714
2026-06-17,equity_gap_fade_e0p1_x0p1_tp2_sl2p5_h9999_n0p35_m2,equity_gap,fade,0.1,0.1,2,2.5,9999,0.35,2,25,50,17,8,0.68,1018.780143,18.780143,12.732269,17.897714
2026-06-17,perp_gap_fade_e0p35_x0_tp0p75_sl0p75_h15_n0p5_m2,perp_gap,fade,0.35,0,0.75,0.75,15,0.5,2,7,14,6,1,0.857143,1018.754452,18.754452,2.136149,7.096668
2026-06-17,perp_gap_fade_e0p35_x0_tp0p75_sl0p75_h15_n0p5_m5,perp_gap,fade,0.35,0,0.75,0.75,15,0.5,5,7,14,6,1,0.857143,1018.754452,18.754452,2.136149,7.096668
2026-06-17,perp_gap_fade_e0p35_x0_tp0p75_sl0p75_h15_n0p5_m8,perp_gap,fade,0.35,0,0.75,0.75,15,0.5,8,7,14,6,1,0.857143,1018.754452,18.754452,2.136149,7.096668
2026-06-17,perp_gap_fade_e0p35_x0_tp0p75_sl1p25_h15_n0p5_m2,perp_gap,fade,0.35,0,0.75,1.25,15,0.5,2,7,14,6,1,0.857143,1018.754452,18.754452,2.136149,7.096668
2026-06-17,perp_gap_fade_e0p35_x0_tp0p75_sl1p25_h15_n0p5_m5,perp_gap,fade,0.35,0,0.75,1.25,15,0.5,5,7,14,6,1,0.857143,1018.754452,18.754452,2.136149,7.096668
2026-06-17,perp_gap_fade_e0p35_x0_tp0p75_sl1p25_h15_n0p5_m8,perp_gap,fade,0.35,0,0.75,1.25,15,0.5,8,7,14,6,1,0.857143,1018.754452,18.754452,2.136149,7.096668
2026-06-17,perp_gap_fade_e0p35_x0_tp0p75_sl2p5_h15_n0p5_m2,perp_gap,fade,0.35,0,0.75,2.5,15,0.5,2,7,14,6,1,0.857143,1018.754452,18.754452,2.136149,7.096668
2026-06-17,perp_gap_fade_e0p35_x0_tp0p75_sl2p5_h15_n0p5_m5,perp_gap,fade,0.35,0,0.75,2.5,15,0.5,5,7,14,6,1,0.857143,1018.754452,18.754452,2.136149,7.096668
2026-06-17,perp_gap_fade_e0p35_x0_tp0p75_sl2p5_h15_n0p5_m8,perp_gap,fade,0.35,0,0.75,2.5,15,0.5,8,7,14,6,1,0.857143,1018.754452,18.754452,2.136149,7.096668
2026-06-17,perp_gap_fade_e0p35_x0p1_tp1p25_sl0p75_h9999_n0p35_m2,perp_gap,fade,0.35,0.1,1.25,0.75,9999,0.35,2,11,22,9,2,0.818182,1018.687669,18.687669,5.150323,7.809113
2026-06-17,perp_gap_fade_e0p35_x0p1_tp1p25_sl0p75_h9999_n0p35_m5,perp_gap,fade,0.35,0.1,1.25,0.75,9999,0.35,5,11,22,9,2,0.818182,1018.687669,18.687669,5.150323,7.809113
2026-06-17,perp_gap_fade_e0p35_x0p1_tp1p25_sl0p75_h9999_n0p35_m8,perp_gap,fade,0.35,0.1,1.25,0.75,9999,0.35,8,11,22,9,2,0.818182,1018.687669,18.687669,5.150323,7.809113
2026-06-17,perp_gap_fade_e0p35_x0p1_tp1p25_sl1p25_h9999_n0p35_m2,perp_gap,fade,0.35,0.1,1.25,1.25,9999,0.35,2,11,22,9,2,0.818182,1018.687669,18.687669,5.150323,7.809113
2026-06-17,perp_gap_fade_e0p35_x0p1_tp1p25_sl1p25_h9999_n0p35_m5,perp_gap,fade,0.35,0.1,1.25,1.25,9999,0.35,5,11,22,9,2,0.818182,1018.687669,18.687669,5.150323,7.809113
2026-06-17,perp_gap_fade_e0p35_x0p1_tp1p25_sl1p25_h9999_n0p35_m8,perp_gap,fade,0.35,0.1,1.25,1.25,9999,0.35,8,11,22,9,2,0.818182,1018.687669,18.687669,5.150323,7.809113
2026-06-17,perp_gap_fade_e0p35_x0p1_tp1p25_sl2p5_h9999_n0p35_m2,perp_gap,fade,0.35,0.1,1.25,2.5,9999,0.35,2,11,22,9,2,0.818182,1018.687669,18.687669,5.150323,7.809113
2026-06-17,perp_gap_fade_e0p35_x0p1_tp1p25_sl2p5_h9999_n0p35_m5,perp_gap,fade,0.35,0.1,1.25,2.5,9999,0.35,5,11,22,9,2,0.818182,1018.687669,18.687669,5.150323,7.809113
2026-06-17,perp_gap_fade_e0p35_x0p1_tp1p25_sl2p5_h9999_n0p35_m8,perp_gap,fade,0.35,0.1,1.25,2.5,9999,0.35,8,11,22,9,2,0.818182,1018.687669,18.687669,5.150323,7.809113
2026-06-17,equity_gap_fade_e0p1_x0_tp0p75_sl2p5_h9999_n0p35_m2,equity_gap,fade,0.1,0,0.75,2.5,9999,0.35,2,26,52,18,8,0.692308,1018.640589,18.640589,9.311996,18.585261
2026-06-17,perp_gap_fade_e0p35_x0_tp2_sl0p75_h9999_n0p2_m5,perp_gap,fade,0.35,0,2,0.75,9999,0.2,5,10,20,8,2,0.8,1018.637321,18.637321,3.980137,4.062038
2026-06-17,perp_gap_fade_e0p35_x0_tp2_sl0p75_h9999_n0p2_m8,perp_gap,fade,0.35,0,2,0.75,9999,0.2,8,10,20,8,2,0.8,1018.637321,18.637321,3.980137,4.062038
2026-06-15,perp_gap_fade_e0p35_x0_tp1p25_sl1p25_h9999_n0p5_m2,perp_gap,fade,0.35,0,1.25,1.25,9999,0.5,2,5,10,4,1,0.8,1018.573195,18.573195,5.96686,5.09415
2026-06-15,perp_gap_fade_e0p35_x0_tp1p25_sl1p25_h9999_n0p5_m5,perp_gap,fade,0.35,0,1.25,1.25,9999,0.5,5,5,10,4,1,0.8,1018.573195,18.573195,5.96686,5.09415
2026-06-15,perp_gap_fade_e0p35_x0_tp1p25_sl1p25_h9999_n0p5_m8,perp_gap,fade,0.35,0,1.25,1.25,9999,0.5,8,5,10,4,1,0.8,1018.573195,18.573195,5.96686,5.09415
2026-06-15,perp_gap_fade_e0p35_x0_tp1p25_sl2p5_h9999_n0p5_m2,perp_gap,fade,0.35,0,1.25,2.5,9999,0.5,2,5,10,4,1,0.8,1018.573195,18.573195,5.96686,5.09415
2026-06-15,perp_gap_fade_e0p35_x0_tp1p25_sl2p5_h9999_n0p5_m5,perp_gap,fade,0.35,0,1.25,2.5,9999,0.5,5,5,10,4,1,0.8,1018.573195,18.573195,5.96686,5.09415
2026-06-15,perp_gap_fade_e0p35_x0_tp1p25_sl2p5_h9999_n0p5_m8,perp_gap,fade,0.35,0,1.25,2.5,9999,0.5,8,5,10,4,1,0.8,1018.573195,18.573195,5.96686,5.09415
2026-06-15,perp_gap_fade_e0p2_x0_tp2_sl2p5_h9999_n0p2_m5,perp_gap,fade,0.2,0,2,2.5,9999,0.2,5,16,32,11,5,0.6875,1018.568028,18.568028,8.750231,6.483425
2026-06-15,perp_gap_fade_e0p2_x0_tp2_sl2p5_h9999_n0p2_m8,perp_gap,fade,0.2,0,2,2.5,9999,0.2,8,16,32,11,5,0.6875,1018.568028,18.568028,8.750231,6.483425
2026-06-17,perp_gap_fade_e0p35_x0_tp2_sl0p75_h30_n0p2_m2,perp_gap,fade,0.35,0,2,0.75,30,0.2,2,9,18,8,1,0.888889,1018.524627,18.524627,3.982701,3.66002
2026-06-17,perp_gap_fade_e0p35_x0_tp2_sl1p25_h30_n0p2_m2,perp_gap,fade,0.35,0,2,1.25,30,0.2,2,8,16,7,1,0.875,1018.501865,18.501865,3.57683,3.253373
2026-06-17,perp_gap_fade_e0p35_x0_tp2_sl2p5_h30_n0p2_m2,perp_gap,fade,0.35,0,2,2.5,30,0.2,2,8,16,7,1,0.875,1018.501865,18.501865,3.57683,3.253373
2026-06-17,equity_gap_fade_e0p1_x0p1_tp0p75_sl2p5_h9999_n0p35_m2,equity_gap,fade,0.1,0.1,0.75,2.5,9999,0.35,2,28,56,20,8,0.714286,1018.461062,18.461062,12.728281,20.03394
2026-06-15,perp_gap_fade_e0p5_x0p1_tp2_sl0p75_h9999_n0p5_m2,perp_gap,fade,0.5,0.1,2,0.75,9999,0.5,2,5,10,4,1,0.8,1018.42504,18.42504,6.081145,5.091387
2026-06-15,perp_gap_fade_e0p5_x0p1_tp2_sl0p75_h9999_n0p5_m5,perp_gap,fade,0.5,0.1,2,0.75,9999,0.5,5,5,10,4,1,0.8,1018.42504,18.42504,6.081145,5.091387
2026-06-15,perp_gap_fade_e0p5_x0p1_tp2_sl0p75_h9999_n0p5_m8,perp_gap,fade,0.5,0.1,2,0.75,9999,0.5,8,5,10,4,1,0.8,1018.42504,18.42504,6.081145,5.091387
2026-06-17,perp_gap_fade_e0p5_x0_tp2_sl0p75_h9999_n0p35_m2,perp_gap,fade,0.5,0,2,0.75,9999,0.35,2,5,10,5,0,1,1018.328094,18.328094,0.710174,3.550779
2026-06-17,perp_gap_fade_e0p5_x0_tp2_sl0p75_h9999_n0p35_m5,perp_gap,fade,0.5,0,2,0.75,9999,0.35,5,5,10,5,0,1,1018.328094,18.328094,0.710174,3.550779
2026-06-17,perp_gap_fade_e0p5_x0_tp2_sl0p75_h9999_n0p35_m8,perp_gap,fade,0.5,0,2,0.75,9999,0.35,8,5,10,5,0,1,1018.328094,18.328094,0.710174,3.550779
2026-06-17,perp_gap_fade_e0p5_x0_tp2_sl1p25_h9999_n0p35_m2,perp_gap,fade,0.5,0,2,1.25,9999,0.35,2,5,10,5,0,1,1018.328094,18.328094,0.710174,3.550779
2026-06-17,perp_gap_fade_e0p5_x0_tp2_sl1p25_h9999_n0p35_m5,perp_gap,fade,0.5,0,2,1.25,9999,0.35,5,5,10,5,0,1,1018.328094,18.328094,0.710174,3.550779
2026-06-17,perp_gap_fade_e0p5_x0_tp2_sl1p25_h9999_n0p35_m8,perp_gap,fade,0.5,0,2,1.25,9999,0.35,8,5,10,5,0,1,1018.328094,18.328094,0.710174,3.550779
2026-06-17,perp_gap_fade_e0p5_x0_tp2_sl2p5_h9999_n0p35_m2,perp_gap,fade,0.5,0,2,2.5,9999,0.35,2,5,10,5,0,1,1018.328094,18.328094,0.710174,3.550779
2026-06-17,perp_gap_fade_e0p5_x0_tp2_sl2p5_h9999_n0p35_m5,perp_gap,fade,0.5,0,2,2.5,9999,0.35,5,5,10,5,0,1,1018.328094,18.328094,0.710174,3.550779
2026-06-17,perp_gap_fade_e0p5_x0_tp2_sl2p5_h9999_n0p35_m8,perp_gap,fade,0.5,0,2,2.5,9999,0.35,8,5,10,5,0,1,1018.328094,18.328094,0.710174,3.550779
2026-06-15,perp_gap_fade_e0p35_x0_tp1p25_sl1p25_h9999_n0p35_m2,perp_gap,fade,0.35,0,1.25,1.25,9999,0.35,2,10,20,6,4,0.6,1018.296492,18.296492,5.402753,7.122554
2026-06-15,perp_gap_fade_e0p35_x0_tp1p25_sl1p25_h9999_n0p35_m5,perp_gap,fade,0.35,0,1.25,1.25,9999,0.35,5,10,20,6,4,0.6,1018.296492,18.296492,5.402753,7.122554
2026-06-15,perp_gap_fade_e0p35_x0_tp1p25_sl1p25_h9999_n0p35_m8,perp_gap,fade,0.35,0,1.25,1.25,9999,0.35,8,10,20,6,4,0.6,1018.296492,18.296492,5.402753,7.122554
2026-06-15,perp_gap_fade_e0p35_x0_tp1p25_sl2p5_h9999_n0p35_m2,perp_gap,fade,0.35,0,1.25,2.5,9999,0.35,2,10,20,6,4,0.6,1018.296492,18.296492,5.402753,7.122554
2026-06-15,perp_gap_fade_e0p35_x0_tp1p25_sl2p5_h9999_n0p35_m5,perp_gap,fade,0.35,0,1.25,2.5,9999,0.35,5,10,20,6,4,0.6,1018.296492,18.296492,5.402753,7.122554
2026-06-15,perp_gap_fade_e0p35_x0_tp1p25_sl2p5_h9999_n0p35_m8,perp_gap,fade,0.35,0,1.25,2.5,9999,0.35,8,10,20,6,4,0.6,1018.296492,18.296492,5.402753,7.122554
2026-06-17,perp_gap_fade_e0p35_x0_tp2_sl0p75_h15_n0p2_m2,perp_gap,fade,0.35,0,2,0.75,15,0.2,2,10,20,9,1,0.9,1018.190465,18.190465,2.629066,4.068178
2026-06-17,perp_gap_fade_e0p35_x0_tp2_sl1p25_h15_n0p2_m2,perp_gap,fade,0.35,0,2,1.25,15,0.2,2,10,20,9,1,0.9,1018.190465,18.190465,2.629066,4.068178
2026-06-17,perp_gap_fade_e0p35_x0_tp2_sl2p5_h15_n0p2_m2,perp_gap,fade,0.35,0,2,2.5,15,0.2,2,10,20,9,1,0.9,1018.190465,18.190465,2.629066,4.068178
2026-06-17,perp_gap_fade_e0p35_x0_tp1p25_sl1p25_h9999_n0p5_m2,perp_gap,fade,0.35,0,1.25,1.25,9999,0.5,2,6,12,5,1,0.833333,1018.041552,18.041552,8.950265,6.07669
2026-06-17,perp_gap_fade_e0p35_x0_tp1p25_sl1p25_h9999_n0p5_m5,perp_gap,fade,0.35,0,1.25,1.25,9999,0.5,5,6,12,5,1,0.833333,1018.041552,18.041552,8.950265,6.07669
2026-06-17,perp_gap_fade_e0p35_x0_tp1p25_sl1p25_h9999_n0p5_m8,perp_gap,fade,0.35,0,1.25,1.25,9999,0.5,8,6,12,5,1,0.833333,1018.041552,18.041552,8.950265,6.07669
2026-06-17,perp_gap_fade_e0p35_x0_tp1p25_sl2p5_h9999_n0p5_m2,perp_gap,fade,0.35,0,1.25,2.5,9999,0.5,2,6,12,5,1,0.833333,1018.041552,18.041552,8.950265,6.07669
2026-06-17,perp_gap_fade_e0p35_x0_tp1p25_sl2p5_h9999_n0p5_m5,perp_gap,fade,0.35,0,1.25,2.5,9999,0.5,5,6,12,5,1,0.833333,1018.041552,18.041552,8.950265,6.07669
2026-06-17,perp_gap_fade_e0p35_x0_tp1p25_sl2p5_h9999_n0p5_m8,perp_gap,fade,0.35,0,1.25,2.5,9999,0.5,8,6,12,5,1,0.833333,1018.041552,18.041552,8.950265,6.07669
2026-06-17,equity_gap_fade_e0p1_x0p1_tp1p25_sl1p25_h9999_n0p35_m2,equity_gap,fade,0.1,0.1,1.25,1.25,9999,0.35,2,26,52,17,9,0.653846,1018.032243,18.032243,13.481056,18.613513
2026-06-17,equity_gap_fade_e0p1_x0p1_tp2_sl1p25_h9999_n0p35_m2,equity_gap,fade,0.1,0.1,2,1.25,9999,0.35,2,26,52,17,9,0.653846,1018.032243,18.032243,13.481056,18.613513
2026-06-17,perp_gap_fade_e0p35_x0p1_tp1p25_sl0p75_h30_n0p35_m2,perp_gap,fade,0.35,0.1,1.25,0.75,30,0.35,2,11,22,9,2,0.818182,1017.890964,17.890964,5.150323,7.807845
2026-06-17,perp_gap_fade_e0p35_x0p1_tp1p25_sl0p75_h30_n0p35_m5,perp_gap,fade,0.35,0.1,1.25,0.75,30,0.35,5,11,22,9,2,0.818182,1017.890964,17.890964,5.150323,7.807845
2026-06-17,perp_gap_fade_e0p35_x0p1_tp1p25_sl0p75_h30_n0p35_m8,perp_gap,fade,0.35,0.1,1.25,0.75,30,0.35,8,11,22,9,2,0.818182,1017.890964,17.890964,5.150323,7.807845
2026-06-17,perp_gap_fade_e0p35_x0p1_tp1p25_sl1p25_h30_n0p35_m2,perp_gap,fade,0.35,0.1,1.25,1.25,30,0.35,2,11,22,9,2,0.818182,1017.890964,17.890964,5.150323,7.807845
2026-06-17,perp_gap_fade_e0p35_x0p1_tp1p25_sl1p25_h30_n0p35_m5,perp_gap,fade,0.35,0.1,1.25,1.25,30,0.35,5,11,22,9,2,0.818182,1017.890964,17.890964,5.150323,7.807845
2026-06-17,perp_gap_fade_e0p35_x0p1_tp1p25_sl1p25_h30_n0p35_m8,perp_gap,fade,0.35,0.1,1.25,1.25,30,0.35,8,11,22,9,2,0.818182,1017.890964,17.890964,5.150323,7.807845
2026-06-17,perp_gap_fade_e0p35_x0p1_tp1p25_sl2p5_h30_n0p35_m2,perp_gap,fade,0.35,0.1,1.25,2.5,30,0.35,2,11,22,9,2,0.818182,1017.890964,17.890964,5.150323,7.807845
2026-06-17,perp_gap_fade_e0p35_x0p1_tp1p25_sl2p5_h30_n0p35_m5,perp_gap,fade,0.35,0.1,1.25,2.5,30,0.35,5,11,22,9,2,0.818182,1017.890964,17.890964,5.150323,7.807845
2026-06-17,perp_gap_fade_e0p35_x0p1_tp1p25_sl2p5_h30_n0p35_m8,perp_gap,fade,0.35,0.1,1.25,2.5,30,0.35,8,11,22,9,2,0.818182,1017.890964,17.890964,5.150323,7.807845
2026-06-17,equity_gap_fade_e0p1_x0_tp0p75_sl1p25_h9999_n0p35_m2,equity_gap,fade,0.1,0,0.75,1.25,9999,0.35,2,27,54,18,9,0.666667,1017.890005,17.890005,10.063544,19.300958
2026-06-17,perp_gap_fade_e0p35_x0_tp2_sl0p75_h30_n0p2_m5,perp_gap,fade,0.35,0,2,0.75,30,0.2,5,10,20,8,2,0.8,1017.868747,17.868747,3.980137,4.061268
2026-06-17,perp_gap_fade_e0p35_x0_tp2_sl0p75_h30_n0p2_m8,perp_gap,fade,0.35,0,2,0.75,30,0.2,8,10,20,8,2,0.8,1017.868747,17.868747,3.980137,4.061268
2026-06-17,perp_gap_fade_e0p35_x0_tp2_sl1p25_h30_n0p2_m5,perp_gap,fade,0.35,0,2,1.25,30,0.2,5,9,18,7,2,0.777778,1017.846001,17.846001,3.574527,3.654883
2026-06-17,perp_gap_fade_e0p35_x0_tp2_sl1p25_h30_n0p2_m8,perp_gap,fade,0.35,0,2,1.25,30,0.2,8,9,18,7,2,0.777778,1017.846001,17.846001,3.574527,3.654883
2026-06-17,perp_gap_fade_e0p35_x0_tp2_sl2p5_h30_n0p2_m5,perp_gap,fade,0.35,0,2,2.5,30,0.2,5,9,18,7,2,0.777778,1017.846001,17.846001,3.574527,3.654883
2026-06-17,perp_gap_fade_e0p35_x0_tp2_sl2p5_h30_n0p2_m8,perp_gap,fade,0.35,0,2,2.5,30,0.2,8,9,18,7,2,0.777778,1017.846001,17.846001,3.574527,3.654883
2026-06-17,perp_gap_fade_e0p5_x0_tp2_sl0p75_h30_n0p35_m2,perp_gap,fade,0.5,0,2,0.75,30,0.35,2,5,10,5,0,1,1017.84372,17.84372,0.710174,3.550294
2026-06-17,perp_gap_fade_e0p5_x0_tp2_sl0p75_h30_n0p35_m5,perp_gap,fade,0.5,0,2,0.75,30,0.35,5,5,10,5,0,1,1017.84372,17.84372,0.710174,3.550294
2026-06-17,perp_gap_fade_e0p5_x0_tp2_sl0p75_h30_n0p35_m8,perp_gap,fade,0.5,0,2,0.75,30,0.35,8,5,10,5,0,1,1017.84372,17.84372,0.710174,3.550294
2026-06-17,perp_gap_fade_e0p5_x0_tp2_sl1p25_h30_n0p35_m2,perp_gap,fade,0.5,0,2,1.25,30,0.35,2,5,10,5,0,1,1017.84372,17.84372,0.710174,3.550294
2026-06-17,perp_gap_fade_e0p5_x0_tp2_sl1p25_h30_n0p35_m5,perp_gap,fade,0.5,0,2,1.25,30,0.35,5,5,10,5,0,1,1017.84372,17.84372,0.710174,3.550294
2026-06-17,perp_gap_fade_e0p5_x0_tp2_sl1p25_h30_n0p35_m8,perp_gap,fade,0.5,0,2,1.25,30,0.35,8,5,10,5,0,1,1017.84372,17.84372,0.710174,3.550294
2026-06-17,perp_gap_fade_e0p5_x0_tp2_sl2p5_h30_n0p35_m2,perp_gap,fade,0.5,0,2,2.5,30,0.35,2,5,10,5,0,1,1017.84372,17.84372,0.710174,3.550294
2026-06-17,perp_gap_fade_e0p5_x0_tp2_sl2p5_h30_n0p35_m5,perp_gap,fade,0.5,0,2,2.5,30,0.35,5,5,10,5,0,1,1017.84372,17.84372,0.710174,3.550294
2026-06-17,perp_gap_fade_e0p5_x0_tp2_sl2p5_h30_n0p35_m8,perp_gap,fade,0.5,0,2,2.5,30,0.35,8,5,10,5,0,1,1017.84372,17.84372,0.710174,3.550294
2026-06-15,perp_gap_fade_e0p5_x0p1_tp0p75_sl1p25_h9999_n0p35_m2,perp_gap,fade,0.5,0.1,0.75,1.25,9999,0.35,2,5,10,5,0,1,1017.80049,17.80049,3.444615,3.561126
2026-06-15,perp_gap_fade_e0p5_x0p1_tp0p75_sl1p25_h9999_n0p35_m5,perp_gap,fade,0.5,0.1,0.75,1.25,9999,0.35,5,5,10,5,0,1,1017.80049,17.80049,3.444615,3.561126
2026-06-15,perp_gap_fade_e0p5_x0p1_tp0p75_sl1p25_h9999_n0p35_m8,perp_gap,fade,0.5,0.1,0.75,1.25,9999,0.35,8,5,10,5,0,1,1017.80049,17.80049,3.444615,3.561126
2026-06-15,perp_gap_fade_e0p5_x0p1_tp0p75_sl2p5_h9999_n0p35_m2,perp_gap,fade,0.5,0.1,0.75,2.5,9999,0.35,2,5,10,5,0,1,1017.80049,17.80049,3.444615,3.561126
2026-06-15,perp_gap_fade_e0p5_x0p1_tp0p75_sl2p5_h9999_n0p35_m5,perp_gap,fade,0.5,0.1,0.75,2.5,9999,0.35,5,5,10,5,0,1,1017.80049,17.80049,3.444615,3.561126
2026-06-15,perp_gap_fade_e0p5_x0p1_tp0p75_sl2p5_h9999_n0p35_m8,perp_gap,fade,0.5,0.1,0.75,2.5,9999,0.35,8,5,10,5,0,1,1017.80049,17.80049,3.444615,3.561126
2026-06-15,perp_gap_fade_e0p1_x0_tp1p25_sl0p75_h9999_n0p35_m5,perp_gap,fade,0.1,0,1.25,0.75,9999,0.35,5,11,22,9,2,0.818182,1017.762011,17.762011,8.098069,7.475038
2026-06-15,perp_gap_fade_e0p1_x0_tp1p25_sl0p75_h9999_n0p35_m8,perp_gap,fade,0.1,0,1.25,0.75,9999,0.35,8,11,22,9,2,0.818182,1017.762011,17.762011,8.098069,7.475038
2026-06-15,perp_gap_fade_e0p2_x0_tp1p25_sl0p75_h9999_n0p35_m5,perp_gap,fade,0.2,0,1.25,0.75,9999,0.35,5,11,22,9,2,0.818182,1017.762011,17.762011,8.098069,7.475038
2026-06-15,perp_gap_fade_e0p2_x0_tp1p25_sl0p75_h9999_n0p35_m8,perp_gap,fade,0.2,0,1.25,0.75,9999,0.35,8,11,22,9,2,0.818182,1017.762011,17.762011,8.098069,7.475038
2026-06-15,perp_gap_fade_e0p35_x0_tp0p75_sl1p25_h9999_n0p5_m2,perp_gap,fade,0.35,0,0.75,1.25,9999,0.5,2,7,14,5,2,0.714286,1017.755037,17.755037,9.163674,7.132295
2026-06-15,perp_gap_fade_e0p35_x0_tp0p75_sl1p25_h9999_n0p5_m5,perp_gap,fade,0.35,0,0.75,1.25,9999,0.5,5,7,14,5,2,0.714286,1017.755037,17.755037,9.163674,7.132295
2026-06-15,perp_gap_fade_e0p35_x0_tp0p75_sl1p25_h9999_n0p5_m8,perp_gap,fade,0.35,0,0.75,1.25,9999,0.5,8,7,14,5,2,0.714286,1017.755037,17.755037,9.163674,7.132295
2026-06-15,perp_gap_fade_e0p35_x0_tp0p75_sl2p5_h9999_n0p5_m2,perp_gap,fade,0.35,0,0.75,2.5,9999,0.5,2,7,14,5,2,0.714286,1017.755037,17.755037,9.163674,7.132295
2026-06-15,perp_gap_fade_e0p35_x0_tp0p75_sl2p5_h9999_n0p5_m5,perp_gap,fade,0.35,0,0.75,2.5,9999,0.5,5,7,14,5,2,0.714286,1017.755037,17.755037,9.163674,7.132295
2026-06-15,perp_gap_fade_e0p35_x0_tp0p75_sl2p5_h9999_n0p5_m8,perp_gap,fade,0.35,0,0.75,2.5,9999,0.5,8,7,14,5,2,0.714286,1017.755037,17.755037,9.163674,7.132295
2026-06-17,perp_gap_fade_e0p35_x0_tp1p25_sl1p25_h30_n0p5_m2,perp_gap,fade,0.35,0,1.25,1.25,30,0.5,2,7,14,5,2,0.714286,1017.730803,17.730803,8.950265,7.093264
2026-06-17,perp_gap_fade_e0p35_x0_tp1p25_sl1p25_h30_n0p5_m5,perp_gap,fade,0.35,0,1.25,1.25,30,0.5,5,7,14,5,2,0.714286,1017.730803,17.730803,8.950265,7.093264
2026-06-17,perp_gap_fade_e0p35_x0_tp1p25_sl1p25_h30_n0p5_m8,perp_gap,fade,0.35,0,1.25,1.25,30,0.5,8,7,14,5,2,0.714286,1017.730803,17.730803,8.950265,7.093264
2026-06-17,perp_gap_fade_e0p35_x0_tp1p25_sl2p5_h30_n0p5_m2,perp_gap,fade,0.35,0,1.25,2.5,30,0.5,2,7,14,5,2,0.714286,1017.730803,17.730803,8.950265,7.093264
2026-06-17,perp_gap_fade_e0p35_x0_tp1p25_sl2p5_h30_n0p5_m5,perp_gap,fade,0.35,0,1.25,2.5,30,0.5,5,7,14,5,2,0.714286,1017.730803,17.730803,8.950265,7.093264
2026-06-17,perp_gap_fade_e0p35_x0_tp1p25_sl2p5_h30_n0p5_m8,perp_gap,fade,0.35,0,1.25,2.5,30,0.5,8,7,14,5,2,0.714286,1017.730803,17.730803,8.950265,7.093264
2026-06-15,perp_gap_fade_e0p5_x0p1_tp0p75_sl0p75_h9999_n0p5_m2,perp_gap,fade,0.5,0.1,0.75,0.75,9999,0.5,2,5,10,4,1,0.8,1017.723565,17.723565,6.076957,5.08858
2026-06-15,perp_gap_fade_e0p5_x0p1_tp0p75_sl0p75_h9999_n0p5_m5,perp_gap,fade,0.5,0.1,0.75,0.75,9999,0.5,5,5,10,4,1,0.8,1017.723565,17.723565,6.076957,5.08858
2026-06-15,perp_gap_fade_e0p5_x0p1_tp0p75_sl0p75_h9999_n0p5_m8,perp_gap,fade,0.5,0.1,0.75,0.75,9999,0.5,8,5,10,4,1,0.8,1017.723565,17.723565,6.076957,5.08858
2026-06-15,perp_gap_fade_e0p5_x0p1_tp1p25_sl0p75_h9999_n0p5_m2,perp_gap,fade,0.5,0.1,1.25,0.75,9999,0.5,2,5,10,4,1,0.8,1017.723565,17.723565,6.076957,5.08858
2026-06-15,perp_gap_fade_e0p5_x0p1_tp1p25_sl0p75_h9999_n0p5_m5,perp_gap,fade,0.5,0.1,1.25,0.75,9999,0.5,5,5,10,4,1,0.8,1017.723565,17.723565,6.076957,5.08858
2026-06-15,perp_gap_fade_e0p5_x0p1_tp1p25_sl0p75_h9999_n0p5_m8,perp_gap,fade,0.5,0.1,1.25,0.75,9999,0.5,8,5,10,4,1,0.8,1017.723565,17.723565,6.076957,5.08858
2026-06-17,equity_gap_fade_e0p1_x0p1_tp0p75_sl1p25_h9999_n0p35_m2,equity_gap,fade,0.1,0.1,0.75,1.25,9999,0.35,2,29,58,20,9,0.689655,1017.713396,17.713396,13.476833,20.749515
2026-06-15,perp_gap_fade_e0p5_x0_tp0p75_sl1p25_h9999_n0p35_m2,perp_gap,fade,0.5,0,0.75,1.25,9999,0.35,2,5,10,5,0,1,1017.658706,17.658706,3.444615,3.560984
2026-06-15,perp_gap_fade_e0p5_x0_tp0p75_sl1p25_h9999_n0p35_m5,perp_gap,fade,0.5,0,0.75,1.25,9999,0.35,5,5,10,5,0,1,1017.658706,17.658706,3.444615,3.560984
2026-06-15,perp_gap_fade_e0p5_x0_tp0p75_sl1p25_h9999_n0p35_m8,perp_gap,fade,0.5,0,0.75,1.25,9999,0.35,8,5,10,5,0,1,1017.658706,17.658706,3.444615,3.560984
2026-06-15,perp_gap_fade_e0p5_x0_tp0p75_sl2p5_h9999_n0p35_m2,perp_gap,fade,0.5,0,0.75,2.5,9999,0.35,2,5,10,5,0,1,1017.658706,17.658706,3.444615,3.560984
2026-06-15,perp_gap_fade_e0p5_x0_tp0p75_sl2p5_h9999_n0p35_m5,perp_gap,fade,0.5,0,0.75,2.5,9999,0.35,5,5,10,5,0,1,1017.658706,17.658706,3.444615,3.560984
2026-06-15,perp_gap_fade_e0p5_x0_tp0p75_sl2p5_h9999_n0p35_m8,perp_gap,fade,0.5,0,0.75,2.5,9999,0.35,8,5,10,5,0,1,1017.658706,17.658706,3.444615,3.560984
2026-06-17,perp_gap_fade_e0p35_x0p1_tp1p25_sl0p75_h15_n0p35_m2,perp_gap,fade,0.35,0.1,1.25,0.75,15,0.35,2,11,22,9,2,0.818182,1017.652746,17.652746,4.588511,7.808622
2026-06-17,perp_gap_fade_e0p35_x0p1_tp1p25_sl0p75_h15_n0p35_m5,perp_gap,fade,0.35,0.1,1.25,0.75,15,0.35,5,11,22,9,2,0.818182,1017.652746,17.652746,4.588511,7.808622
